label_id,message_hash,date,hour,month,chat,user,text,toxic,notes,selection_reason,risk_score,char_len,word_count,profanity_count,hostile_count,exclamation_count,question_count,caps_ratio,label_source
1,8fbf4f6c39cef873,2026-04-03 17:30:57,17,2026-04,kpp,user_004,Кто может пойти,0,,random,0.2308,15,3,0,0,0,0,0.0769,auto_rules: bad_words or risk_score >= 1.500
2,a39fd4314b791f28,2025-09-19 19:56:38,19,2025-09,kpp,user_002,вы на пары идете завтра?,0,,risk_candidate,0.2,24,5,0,0,0,1,0.0,auto_rules: bad_words or risk_score >= 1.500
3,f9f54e59c6942b8f,2024-12-10 20:36:32,20,2024-12,kpp,user_002,он настолько туп что я ему просто задания выдаю и ухожу думать,1,auto: bad word / hostile word,random,2.0,62,12,0,1,0,0,0.0,auto_rules: bad_words or risk_score >= 1.500
4,3bfdacf9f707a30a,2025-02-14 00:39:03,0,2025-02,kpp,user_004,Ты сегодня молодец,0,,risk_candidate,0.1875,18,3,0,0,0,0,0.0625,auto_rules: bad_words or risk_score >= 1.500
5,b5d68d0859f75609,2025-10-19 13:00:06,13,2025-10,kpp,user_002,прикинь че будет если я к бабушке перееду,0,,random,0.0,41,8,0,0,0,0,0.0,auto_rules: bad_words or risk_score >= 1.500
6,4585a13e92a6e3d6,2024-12-07 01:02:14,1,2024-12,kpp,user_004,На др надеюсь,0,,risk_candidate,0.2727,13,3,0,0,0,0,0.0909,auto_rules: bad_words or risk_score >= 1.500
7,1999870e24cc88bb,2025-11-19 18:08:23,18,2025-11,kpp,user_002,и ушел домой,0,,random,0.0,12,3,0,0,0,0,0.0,auto_rules: bad_words or risk_score >= 1.500
8,d35d74f18043ed79,2025-04-01 19:10:23,19,2025-04,kpp,user_004,Я не понимаю,0,,risk_candidate,0.3,12,3,0,0,0,0,0.1,auto_rules: bad_words or risk_score >= 1.500
9,a896a9fa9929b32c,2024-07-04 09:25:05,9,2024-07,kpp,user_002,бля так надо было к началу,1,auto: bad word / hostile word,random,3.0,26,6,1,0,0,0,0.0,auto_rules: bad_words or risk_score >= 1.500
10,3a1c77566e0c63a4,2025-01-14 01:23:32,1,2025-01,kpp,user_004,Веди блог,0,,risk_candidate,0.375,9,2,0,0,0,0,0.125,auto_rules: bad_words or risk_score >= 1.500
11,9ed7a79509d1cf12,2024-04-01 22:56:57,22,2024-04,kpp,user_004,На его одну,0,,risk_candidate,0.3333,11,3,0,0,0,0,0.1111,auto_rules: bad_words or risk_score >= 1.500
12,742bad9945bf3da6,2025-01-29 18:34:52,18,2025-01,kpp,user_002,ебать я выдал,1,auto: bad word / hostile word,random,3.0,13,3,1,0,0,0,0.0,auto_rules: bad_words or risk_score >= 1.500
13,9f3c909748a61e24,2025-04-24 22:13:05,22,2025-04,kpp,user_001,про какую-нибудь научную статью,0,,random,0.0,31,5,0,0,0,0,0.0,auto_rules: bad_words or risk_score >= 1.500
14,040ae829c3275a96,2025-12-30 17:37:37,17,2025-12,kpp,user_003,я про Орлову,0,,risk_candidate,0.3,12,3,0,0,0,0,0.1,auto_rules: bad_words or risk_score >= 1.500
15,9f2ae94ac6054995,2025-06-13 22:08:30,22,2025-06,kpp,user_001,Так ты написал?,0,,random,0.45,15,3,0,0,0,1,0.0833,auto_rules: bad_words or risk_score >= 1.500
16,da5eec63887dfae0,2025-11-06 23:16:30,23,2025-11,kpp,user_001,Я думаю там чет другое,0,,random,0.1667,22,5,0,0,0,0,0.0556,auto_rules: bad_words or risk_score >= 1.500
17,995ef830257e8f93,2025-03-11 22:20:26,22,2025-03,kpp,user_004,арсений скорее всего срет,0,,random,0.0,25,4,0,0,0,0,0.0,auto_rules: bad_words or risk_score >= 1.500
18,6b831090fe2032ae,2025-02-12 16:02:31,16,2025-02,kpp,user_002,читил?,0,,risk_candidate,0.2,6,1,0,0,0,1,0.0,auto_rules: bad_words or risk_score >= 1.500
19,9f9d1c9bc804b034,2024-08-01 00:04:41,0,2024-08,kpp,user_004,Даун,0,,risk_candidate,0.75,4,1,0,0,0,0,0.25,auto_rules: bad_words or risk_score >= 1.500
20,4514075a3d2f7a0d,2024-12-25 13:56:16,13,2024-12,kpp,user_001,ты находил какие нибудь странные номера в теме про касательные и нормали,0,,random,0.0,72,12,0,0,0,0,0.0,auto_rules: bad_words or risk_score >= 1.500
21,a5e2be2bd230f5f7,2024-01-04 20:24:22,20,2024-01,kpp,user_001,У всех какие-то конченные конспекты по матану,0,,risk_candidate,0.0789,45,8,0,0,0,0,0.0263,auto_rules: bad_words or risk_score >= 1.500
22,1166e25fcc97eacc,2024-01-14 23:36:44,23,2024-01,kpp,user_004,это про вот это,0,,random,0.0,15,4,0,0,0,0,0.0,auto_rules: bad_words or risk_score >= 1.500
23,4134d4b987c38b54,2026-01-11 01:50:12,1,2026-01,kpp,user_001,Спасибо,0,,risk_candidate,0.4286,7,1,0,0,0,0,0.1429,auto_rules: bad_words or risk_score >= 1.500
24,60a42640eb679952,2025-09-09 08:51:16,8,2025-09,kpp,user_004,Ну все,0,,risk_candidate,0.6,6,2,0,0,0,0,0.2,auto_rules: bad_words or risk_score >= 1.500
25,2a293c1c1a0dca3d,2025-04-21 01:47:13,1,2025-04,kpp,user_004,Распыляться тоже не надо,0,,random,0.1429,24,4,0,0,0,0,0.0476,auto_rules: bad_words or risk_score >= 1.500
26,717c1cd6669e5d90,2025-02-26 18:40:11,18,2025-02,kpp,user_002,на щелчок какой нибудь,0,,random,0.0,22,4,0,0,0,0,0.0,auto_rules: bad_words or risk_score >= 1.500
27,341ace9bfe368a7c,2025-09-27 11:45:03,11,2025-09,kpp,user_001,Задача пиздец сложная бля,1,auto: bad word / hostile word,risk_candidate,6.1364,25,4,2,0,0,0,0.0455,auto_rules: bad_words or risk_score >= 1.500
28,a7e0d490ce3c7a18,2025-11-28 18:44:38,18,2025-11,kpp,user_001,После секса с тобой я больше не хочу ничего общего иметь с женщинами,0,,random,0.0536,68,13,0,0,0,0,0.0179,auto_rules: bad_words or risk_score >= 1.500
29,23689f76684a68cd,2024-05-24 19:55:26,19,2024-05,kpp,user_004,Гомо,0,,risk_candidate,0.75,4,1,0,0,0,0,0.25,auto_rules: bad_words or risk_score >= 1.500
30,785348856a1f2cd1,2026-03-10 15:32:00,15,2026-03,kpp,user_004,Идеальная жена,0,,risk_candidate,0.2308,14,2,0,0,0,0,0.0769,auto_rules: bad_words or risk_score >= 1.500
31,998806948e13d8e4,2025-09-27 22:18:10,22,2025-09,kpp,user_001,Все деньги заберут,0,,random,0.1875,18,3,0,0,0,0,0.0625,auto_rules: bad_words or risk_score >= 1.500
32,598ee636b94f311b,2024-11-28 20:22:16,20,2024-11,kpp,user_001,отправлять их почтой,0,,random,0.0,20,3,0,0,0,0,0.0,auto_rules: bad_words or risk_score >= 1.500
33,15390c5931bd72e0,2024-01-15 19:03:45,19,2024-01,kpp,user_004,Иррациональное,0,,risk_candidate,0.2143,14,1,0,0,0,0,0.0714,auto_rules: bad_words or risk_score >= 1.500
34,3a8e3971c02076cf,2025-06-04 18:03:45,18,2025-06,kpp,user_001,Возможно её каждые 10 минут хавать надо,0,,risk_candidate,0.0968,39,7,0,0,0,0,0.0323,auto_rules: bad_words or risk_score >= 1.500
35,7a706b62742b6320,2024-12-23 20:55:38,20,2024-12,kpp,user_002,мля мне хуевит,1,auto: bad word / hostile word,risk_candidate,3.0,14,3,1,0,0,0,0.0,auto_rules: bad_words or risk_score >= 1.500
36,35a2b446b841f42d,2025-05-28 08:22:13,8,2025-05,kpp,user_002,нормально,0,,random,0.0,9,1,0,0,0,0,0.0,auto_rules: bad_words or risk_score >= 1.500
37,d0c334890a710783,2025-09-20 11:51:13,11,2025-09,kpp,user_004,Что он даже про энтропию не шарит,0,,risk_candidate,0.1111,33,7,0,0,0,0,0.037,auto_rules: bad_words or risk_score >= 1.500
38,e95fe3f02c41240d,2025-09-26 16:58:01,16,2025-09,kpp,user_003,Тут есть тир,0,,risk_candidate,0.3,12,3,0,0,0,0,0.1,auto_rules: bad_words or risk_score >= 1.500
39,0a5c270cdabac573,2024-08-18 17:53:41,17,2024-08,kpp,user_002,я пока хз че рисовать,0,,random,0.0,21,5,0,0,0,0,0.0,auto_rules: bad_words or risk_score >= 1.500
40,1b6bb78ebba585fa,2025-06-08 01:10:03,1,2025-06,kpp,user_001,В масле,0,,risk_candidate,0.5,7,2,0,0,0,0,0.1667,auto_rules: bad_words or risk_score >= 1.500
41,64de9d01d810ae29,2024-10-24 20:48:45,20,2024-10,kpp,user_001,"Если тебе надо датасет на миллион записей к врачу сгенерировать, то считай на системе",0,,risk_candidate,0.0423,85,14,0,0,0,0,0.0141,auto_rules: bad_words or risk_score >= 1.500
42,105a023ee5de65fc,2024-09-14 01:16:08,1,2024-09,kpp,user_001,Ебать ты раздаёшь,1,auto: bad word / hostile word,random,3.2,17,3,1,0,0,0,0.0667,auto_rules: bad_words or risk_score >= 1.500
43,3d3d0a0296de2fc4,2025-10-09 11:22:41,11,2025-10,kpp,user_001,ВСПОМНИЛ,1,auto: risk_score >= 1.500,risk_candidate,2.8,8,1,0,0,0,0,1.0,auto_rules: bad_words or risk_score >= 1.500
44,e11abe6a9b041c2f,2025-11-18 16:07:26,16,2025-11,kpp,user_001,И стажировка 6-9 месяцев,0,,random,0.1667,24,5,0,0,0,0,0.0556,auto_rules: bad_words or risk_score >= 1.500
45,603055fde1a0fc61,2024-01-22 20:58:10,20,2024-01,kpp,user_001,Да,1,auto: risk_score >= 1.500,random,1.5,2,1,0,0,0,0,0.5,auto_rules: bad_words or risk_score >= 1.500
46,55b7a6124f2e19ad,2024-02-20 20:52:35,20,2024-02,kpp,user_004,Нет,0,,risk_candidate,1.0,3,1,0,0,0,0,0.3333,auto_rules: bad_words or risk_score >= 1.500
47,2d0c520bee5644b5,2026-03-23 20:19:53,20,2026-03,kpp,user_002,и если в этом есть смысл,0,,random,0.0,24,6,0,0,0,0,0.0,auto_rules: bad_words or risk_score >= 1.500
48,db02a7863a00c5cd,2026-02-02 19:49:35,19,2026-02,kpp,user_002,<URL>,1,auto: risk_score >= 1.500,risk_candidate,2.0,5,1,0,0,0,0,1.0,auto_rules: bad_words or risk_score >= 1.500
49,436d5d70c163be20,2024-01-22 23:44:28,23,2024-01,kpp,user_001,Не разные,0,,risk_candidate,0.375,9,2,0,0,0,0,0.125,auto_rules: bad_words or risk_score >= 1.500
50,07d3639cdc8d7ca1,2023-12-25 10:20:02,10,2023-12,kpp,user_004,Как папки создавать,0,,risk_candidate,0.1765,19,3,0,0,0,0,0.0588,auto_rules: bad_words or risk_score >= 1.500
51,f9dee82cb8706cbb,2025-06-12 23:49:07,23,2025-06,kpp,user_004,Нет,0,,risk_candidate,1.0,3,1,0,0,0,0,0.3333,auto_rules: bad_words or risk_score >= 1.500
52,adffe85336a18187,2025-11-28 17:50:28,17,2025-11,kpp,user_001,Ща поищу,0,,random,0.4286,8,2,0,0,0,0,0.1429,auto_rules: bad_words or risk_score >= 1.500
53,8d3a90089135645b,2024-11-13 23:54:50,23,2024-11,kpp,user_002,я обожаю проснуться и хуярить в зал,1,auto: bad word / hostile word,risk_candidate,3.0,35,7,1,0,0,0,0.0,auto_rules: bad_words or risk_score >= 1.500
54,e8bcf06e0a6cd500,2024-05-06 22:33:48,22,2024-05,kpp,user_002,и он,0,,random,0.0,4,2,0,0,0,0,0.0,auto_rules: bad_words or risk_score >= 1.500
55,71f2025d08c7c6c5,2024-12-04 16:45:48,16,2024-12,kpp,user_001,Ебать,1,auto: bad word / hostile word,random,3.6,5,1,1,0,0,0,0.2,auto_rules: bad_words or risk_score >= 1.500
56,5ea525c95bb2eadf,2025-12-23 20:30:52,20,2025-12,kpp,user_001,эту хуйню после того как данные скачались,1,auto: bad word / hostile word,random,3.0,41,7,1,0,0,0,0.0,auto_rules: bad_words or risk_score >= 1.500
57,60deec5ed6a55107,2025-06-15 14:01:48,14,2025-06,kpp,user_001,Я как еблан,1,auto: bad word / hostile word,risk_candidate,3.3333,11,3,1,0,0,0,0.1111,auto_rules: bad_words or risk_score >= 1.500
58,4a5e55fdc6d54c4c,2024-06-21 01:03:44,1,2024-06,kpp,user_001,Аааааааа,0,,risk_candidate,0.375,8,1,0,0,0,0,0.125,auto_rules: bad_words or risk_score >= 1.500
59,a0d9b1aa9e56a0ae,2025-10-05 21:58:15,21,2025-10,kpp,user_001,Ты жаждешь этого,0,,random,0.2143,16,3,0,0,0,0,0.0714,auto_rules: bad_words or risk_score >= 1.500
60,aee706d48e9c1e07,2024-01-20 14:31:20,14,2024-01,kpp,user_004,и не вот этого человека?,0,,risk_candidate,0.2,24,5,0,0,0,1,0.0,auto_rules: bad_words or risk_score >= 1.500
61,b217e03569787744,2025-09-02 19:48:56,19,2025-09,kpp,user_004,30% ебать скидон,1,auto: bad word / hostile word,risk_candidate,3.0,16,3,1,0,0,0,0.0,auto_rules: bad_words or risk_score >= 1.500
62,0fdeddf154edb7c6,2025-03-22 22:21:56,22,2025-03,kpp,user_002,как же я манал проекты все,0,,random,0.0,26,6,0,0,0,0,0.0,auto_rules: bad_words or risk_score >= 1.500
63,80eb4bc3ba0c40d8,2025-12-26 08:04:56,8,2025-12,ls,user_002,у тебя времени дахуя еще,0,,random,0.0,24,5,0,0,0,0,0.0,auto_rules: bad_words or risk_score >= 1.500
64,a0666baf9f5a006a,2024-01-20 02:11:33,2,2024-01,kpp,user_003,Я только поел,0,,random,0.2727,13,3,0,0,0,0,0.0909,auto_rules: bad_words or risk_score >= 1.500
65,065be625a7ca5239,2024-11-14 00:14:43,0,2024-11,kpp,user_001,Это сразу -,0,,risk_candidate,0.375,11,2,0,0,0,0,0.125,auto_rules: bad_words or risk_score >= 1.500
66,f6b012e48fe6d556,2024-12-20 18:22:07,18,2024-12,kpp,user_003,Или че,0,,risk_candidate,0.6,6,2,0,0,0,0,0.2,auto_rules: bad_words or risk_score >= 1.500
67,f33a3ec7ccd73b99,2024-10-20 20:05:02,20,2024-10,kpp,user_003,какой вообще у тебя типаж ?,0,,random,0.2,27,5,0,0,0,1,0.0,auto_rules: bad_words or risk_score >= 1.500
68,59626c0c5c4df97b,2025-12-19 19:53:28,19,2025-12,kpp,user_004,Водитель тоже в дрова?,0,,risk_candidate,0.3667,22,4,0,0,0,1,0.0556,auto_rules: bad_words or risk_score >= 1.500
69,971718cf52af49be,2024-10-02 21:02:12,21,2024-10,kpp,user_003,Лучше ложится,0,,risk_candidate,0.25,13,2,0,0,0,0,0.0833,auto_rules: bad_words or risk_score >= 1.500
70,e790415759fde5a7,2025-06-27 00:39:09,0,2025-06,kpp,user_004,ни одной не слил,0,,random,0.0,16,4,0,0,0,0,0.0,auto_rules: bad_words or risk_score >= 1.500
71,1e79ea6e4d1315d6,2024-12-05 20:52:42,20,2024-12,kpp,user_001,он ебать разный,1,auto: bad word / hostile word,random,3.0,15,3,1,0,0,0,0.0,auto_rules: bad_words or risk_score >= 1.500
72,61fbfe90592197ce,2025-04-30 00:18:54,0,2025-04,kpp,user_001,Ну так старая версия лежит,0,,risk_candidate,0.1364,26,5,0,0,0,0,0.0455,auto_rules: bad_words or risk_score >= 1.500
73,8cb5f2a3862f73e3,2024-01-15 01:20:07,1,2024-01,kpp,user_001,"Типо мы сортируем элементы, но вместо того чтобы менять местами эти элементы, мы меняем местами указатели на элементы?",0,,risk_candidate,0.2306,118,18,0,0,0,1,0.0102,auto_rules: bad_words or risk_score >= 1.500
74,38c4cb44a9deb42e,2026-02-10 22:39:07,22,2026-02,kpp,user_001,Ответственности явно меньше чем в бизнесе,0,,random,0.0833,41,6,0,0,0,0,0.0278,auto_rules: bad_words or risk_score >= 1.500
75,149d46d0f61abd3b,2024-04-07 23:33:28,23,2024-04,kpp,user_004,Ты пуська,0,,risk_candidate,0.375,9,2,0,0,0,0,0.125,auto_rules: bad_words or risk_score >= 1.500
76,7c6272e2856f53b5,2023-12-17 14:50:25,14,2023-12,kpp,user_001,Вроде бы,0,,risk_candidate,0.4286,8,2,0,0,0,0,0.1429,auto_rules: bad_words or risk_score >= 1.500
77,0dde4c7863844ed3,2025-05-24 23:47:11,23,2025-05,kpp,user_004,Делай,0,,risk_candidate,0.6,5,1,0,0,0,0,0.2,auto_rules: bad_words or risk_score >= 1.500
78,ef0c98227e7ae7ed,2025-12-06 17:34:27,17,2025-12,kpp,user_003,Хммм,0,,risk_candidate,0.75,4,1,0,0,0,0,0.25,auto_rules: bad_words or risk_score >= 1.500
79,0d74358a5ba49aa4,2024-04-09 20:15:44,20,2024-04,kpp,user_003,не стал дочитывать,0,,random,0.0,18,3,0,0,0,0,0.0,auto_rules: bad_words or risk_score >= 1.500
80,b59511f460bd2ab1,2023-11-06 10:26:15,10,2023-11,kpp,user_004,Я твой любит нежно,0,,random,0.2,18,4,0,0,0,0,0.0667,auto_rules: bad_words or risk_score >= 1.500
81,8580848bc43565e3,2025-04-14 19:44:16,19,2025-04,kpp,user_001,Они там огромные были по сравнению с другими,0,,random,0.0811,44,8,0,0,0,0,0.027,auto_rules: bad_words or risk_score >= 1.500
82,40a3651480019d67,2025-06-05 13:04:43,13,2025-06,kpp,user_002,мама еще др хочет отменить,0,,random,0.0,26,5,0,0,0,0,0.0,auto_rules: bad_words or risk_score >= 1.500
83,07045efe5a42ebd3,2025-11-19 17:28:28,17,2025-11,kpp,user_002,тут ебать завоз,1,auto: bad word / hostile word,random,3.0,15,3,1,0,0,0,0.0,auto_rules: bad_words or risk_score >= 1.500
84,0535bf8774753d7f,2024-01-22 13:45:15,13,2024-01,kpp,user_001,Но у меня как-то не вышло,0,,risk_candidate,0.1579,25,7,0,0,0,0,0.0526,auto_rules: bad_words or risk_score >= 1.500
85,efa13db5e53ac4ef,2025-04-24 22:12:58,22,2025-04,kpp,user_004,Тойота селека,0,,risk_candidate,0.25,13,2,0,0,0,0,0.0833,auto_rules: bad_words or risk_score >= 1.500
86,e570873bc2154332,2025-03-28 19:46:50,19,2025-03,kpp,user_003,"Я вот помню тот, который был сегодня ночью. Короче, девочка, с которой раньше общался, которую звали Варя, которая не та, про которую вы думаете. Что-то, короче, блядь, ей что-то было надо. Она пошла ко мне... У, что-то у меня. Что-то пошла ко мне домой. Блядь. И что-то... Все, блядь, больше не помню. Но что-то я помню, мне так понравилось про Уолтрум.",1,auto: bad word / hostile word,risk_candidate,9.1379,354,67,3,0,0,0,0.046,auto_rules: bad_words or risk_score >= 1.500
87,59188291e45f5c4d,2024-09-22 19:49:40,19,2024-09,kpp,user_003,И всем не пойти,0,,random,0.25,15,4,0,0,0,0,0.0833,auto_rules: bad_words or risk_score >= 1.500
88,21695b03e0ba9e92,2024-12-23 20:45:41,20,2024-12,kpp,user_003,Что это за хуйня,1,auto: bad word / hostile word,random,3.2308,16,4,1,0,0,0,0.0769,auto_rules: bad_words or risk_score >= 1.500
89,046fa9a30cfd91f1,2025-02-06 14:15:10,14,2025-02,kpp,user_002,а еще у меня очень сильно чешутся яйца,0,,random,0.0,38,8,0,0,0,0,0.0,auto_rules: bad_words or risk_score >= 1.500
90,7770c03fe3576ae0,2025-12-18 21:04:39,21,2025-12,ls,user_002,бля,1,auto: bad word / hostile word,risk_candidate,3.0,3,1,1,0,0,0,0.0,auto_rules: bad_words or risk_score >= 1.500
91,03cdcbce5a11d443,2023-11-30 22:56:33,22,2023-11,kpp,user_001,"бля, жасур ахуенен",1,auto: bad word / hostile word,random,3.0,18,3,1,0,0,0,0.0,auto_rules: bad_words or risk_score >= 1.500
92,3f58dc686fb060f7,2025-05-29 09:41:02,9,2025-05,kpp,user_003,А вы в шортах?,0,,risk_candidate,0.5,14,4,0,0,0,1,0.1,auto_rules: bad_words or risk_score >= 1.500
93,5d228563561ae8d8,2025-11-03 15:07:49,15,2025-11,kpp,user_004,Бля,1,auto: bad word / hostile word,risk_candidate,4.0,3,1,1,0,0,0,0.3333,auto_rules: bad_words or risk_score >= 1.500
94,a7d53fa5564ad493,2025-01-20 17:53:01,17,2025-01,kpp,user_003,там мое начало билета это конец пары,0,,random,0.0,36,7,0,0,0,0,0.0,auto_rules: bad_words or risk_score >= 1.500
95,2758424e73062d9e,2024-12-24 21:34:53,21,2024-12,kpp,user_004,Одну отрежем,0,,risk_candidate,0.2727,12,2,0,0,0,0,0.0909,auto_rules: bad_words or risk_score >= 1.500
96,544695030cb208d8,2024-06-29 13:32:13,13,2024-06,kpp,user_004,Это да,0,,random,0.6,6,2,0,0,0,0,0.2,auto_rules: bad_words or risk_score >= 1.500
97,c7cc0901f2a2bf24,2025-09-28 14:28:16,14,2025-09,kpp,user_001,good luck next time,0,,random,0.0,19,4,0,0,0,0,0.0,auto_rules: bad_words or risk_score >= 1.500
98,516465d123438177,2024-09-18 18:48:33,18,2024-09,kpp,user_002,я скажу что меня вазе не было и я нихуя не знаю но я пиздат,1,auto: bad word / hostile word,risk_candidate,3.0,59,15,1,0,0,0,0.0,auto_rules: bad_words or risk_score >= 1.500
99,fea038ae7d9c3a5f,2026-02-02 19:59:17,19,2026-02,kpp,user_004,Ты же айтишник,0,,random,0.25,14,3,0,0,0,0,0.0833,auto_rules: bad_words or risk_score >= 1.500
100,6940bfeea8f107c8,2024-04-16 00:35:57,0,2024-04,kpp,user_004,Они решили,0,,risk_candidate,0.3333,10,2,0,0,0,0,0.1111,auto_rules: bad_words or risk_score >= 1.500
101,e1ceffcfb9b04236,2024-02-28 13:37:35,13,2024-02,kpp,user_002,неадекват,0,,random,0.0,9,1,0,0,0,0,0.0,auto_rules: bad_words or risk_score >= 1.500
102,7bc04dd582f74a2a,2024-07-02 02:17:00,2,2024-07,kpp,user_001,Так а нахуй тебе отделы закреплять,0,,random,0.1034,34,6,0,0,0,0,0.0345,auto_rules: bad_words or risk_score >= 1.500
103,6a057acfe514a68f,2024-10-04 20:13:03,20,2024-10,kpp,user_002,я че то вообще,0,,random,0.0,14,4,0,0,0,0,0.0,auto_rules: bad_words or risk_score >= 1.500
104,f893c4ef0fef97ff,2024-06-19 13:34:07,13,2024-06,kpp,user_001,Метод неопределённых коэффициентов,0,,risk_candidate,0.0938,34,3,0,0,0,0,0.0312,auto_rules: bad_words or risk_score >= 1.500
105,8b0e36f47f45cb6e,2025-08-13 21:47:46,21,2025-08,kpp,user_001,Мы чурчхелу будем хавать,0,,random,0.1429,24,4,0,0,0,0,0.0476,auto_rules: bad_words or risk_score >= 1.500
106,bc948d66367558de,2024-07-08 19:35:41,19,2024-07,kpp,user_001,Туда обратно,0,,risk_candidate,0.2727,12,2,0,0,0,0,0.0909,auto_rules: bad_words or risk_score >= 1.500
107,b6b3be296400771f,2023-09-25 18:09:42,18,2023-09,kpp,user_001,Или их количество,0,,risk_candidate,0.2,17,3,0,0,0,0,0.0667,auto_rules: bad_words or risk_score >= 1.500
108,f4bf5386f1641117,2025-09-19 15:39:00,15,2025-09,kpp,user_001,СОСАТЬ,1,auto: risk_score >= 1.500,risk_candidate,2.8,6,1,0,0,0,0,1.0,auto_rules: bad_words or risk_score >= 1.500
109,015f7046c9bad69d,2025-12-04 16:49:30,16,2025-12,kpp,user_003,Ну можно еще тёлок поебать,0,,risk_candidate,0.1364,26,5,0,0,0,0,0.0455,auto_rules: bad_words or risk_score >= 1.500
110,4322b78a415141f6,2026-02-04 14:49:33,14,2026-02,kpp,user_001,Я еще вчера пиздец пересрал,1,auto: bad word / hostile word,risk_candidate,3.1304,27,5,1,0,0,0,0.0435,auto_rules: bad_words or risk_score >= 1.500
111,18c6a112104d101d,2024-10-24 18:26:57,18,2024-10,kpp,user_001,А у меня даже приписного нет,0,,risk_candidate,0.1304,28,6,0,0,0,0,0.0435,auto_rules: bad_words or risk_score >= 1.500
112,5a7894abdad4c72d,2025-01-22 17:38:48,17,2025-01,kpp,user_002,приходи почмотрю,0,,random,0.0,16,2,0,0,0,0,0.0,auto_rules: bad_words or risk_score >= 1.500
113,fb7bc4c40417e483,2025-05-05 22:48:52,22,2025-05,kpp,user_003,Че,1,auto: risk_score >= 1.500,risk_candidate,1.5,2,1,0,0,0,0,0.5,auto_rules: bad_words or risk_score >= 1.500
114,9141d02965f0d112,2024-10-17 20:45:04,20,2024-10,kpp,user_003,запустил exe,0,,random,0.0,12,2,0,0,0,0,0.0,auto_rules: bad_words or risk_score >= 1.500
115,b5cfb10f4fabfe6f,2025-08-03 13:57:59,13,2025-08,kpp,user_002,у тебя там дохуя жратвы должно быть,0,,random,0.0,35,7,0,0,0,0,0.0,auto_rules: bad_words or risk_score >= 1.500
116,f97f4fc524422b11,2024-11-01 14:02:32,14,2024-11,kpp,user_001,qt запустил,0,,random,0.0,11,2,0,0,0,0,0.0,auto_rules: bad_words or risk_score >= 1.500
117,9aaf0bc5e539c1ee,2025-05-26 13:16:45,13,2025-05,kpp,user_004,Бля,1,auto: bad word / hostile word,risk_candidate,4.0,3,1,1,0,0,0,0.3333,auto_rules: bad_words or risk_score >= 1.500
118,8b37a3635b11643c,2025-09-30 11:26:04,11,2025-09,kpp,user_004,я в рот ебал эту хуйню один идти,1,auto: bad word / hostile word,risk_candidate,6.0,32,8,2,0,0,0,0.0,auto_rules: bad_words or risk_score >= 1.500
119,d7c996f49ac16e55,2024-11-29 16:41:43,16,2024-11,kpp,user_002,теперь такая хуйгяя,1,auto: bad word / hostile word,random,3.0,19,3,1,0,0,0,0.0,auto_rules: bad_words or risk_score >= 1.500
120,db273676af262844,2023-12-01 10:50:37,10,2023-12,kpp,user_004,Я понял как,0,,risk_candidate,0.3333,11,3,0,0,0,0,0.1111,auto_rules: bad_words or risk_score >= 1.500
121,67db8022fd3c1c47,2024-09-05 23:26:03,23,2024-09,kpp,user_001,Адик,0,,risk_candidate,0.75,4,1,0,0,0,0,0.25,auto_rules: bad_words or risk_score >= 1.500
122,cf08fa83869d935b,2023-12-31 01:43:46,1,2023-12,kpp,user_002,что такое число знакопостоянств,0,,random,0.0,31,4,0,0,0,0,0.0,auto_rules: bad_words or risk_score >= 1.500
123,6f8ca9644be8b782,2024-07-27 13:04:46,13,2024-07,kpp,user_001,Я ненавижу водку,1,auto: bad word / hostile word,random,2.2143,16,3,0,1,0,0,0.0714,auto_rules: bad_words or risk_score >= 1.500
124,03869b61358a4019,2025-02-09 01:58:35,1,2025-02,kpp,user_001,"Так выглядит Победа, гайс и гёрлз.",0,,risk_candidate,0.2222,34,6,0,0,0,0,0.0741,auto_rules: bad_words or risk_score >= 1.500
125,482ea2eaef37478e,2024-11-14 15:29:50,15,2024-11,kpp,user_001,А я на серьёзных щах,0,,random,0.1875,20,5,0,0,0,0,0.0625,auto_rules: bad_words or risk_score >= 1.500
126,6be4aa5022b54ba3,2026-02-27 22:07:24,22,2026-02,kpp,user_004,Но делай скидку на возраст,0,,risk_candidate,0.1364,26,5,0,0,0,0,0.0455,auto_rules: bad_words or risk_score >= 1.500
127,16e84c0f814558f4,2024-11-07 23:52:05,23,2024-11,kpp,user_001,Там есть self.history в классе,0,,random,0.12,30,6,0,0,0,0,0.04,auto_rules: bad_words or risk_score >= 1.500
128,79eb718fdfba2ce6,2024-12-27 18:54:51,18,2024-12,kpp,user_002,я нам мб еще одного клиента приведу,0,,random,0.0,35,7,0,0,0,0,0.0,auto_rules: bad_words or risk_score >= 1.500
129,0c7a8d77eeb1bc5a,2025-06-06 17:27:33,17,2025-06,kpp,user_004,Что,0,,risk_candidate,1.0,3,1,0,0,0,0,0.3333,auto_rules: bad_words or risk_score >= 1.500
130,f80f596889674168,2024-03-25 19:07:38,19,2024-03,kpp,user_002,четыре,0,,random,0.0,6,1,0,0,0,0,0.0,auto_rules: bad_words or risk_score >= 1.500
131,9335544d22535c7f,2024-12-03 20:07:37,20,2024-12,kpp,user_004,Нет,0,,random,1.0,3,1,0,0,0,0,0.3333,auto_rules: bad_words or risk_score >= 1.500
132,cb40241385ec4b38,2025-04-21 17:15:02,17,2025-04,kpp,user_001,Нельзя отказывать,0,,random,0.1875,17,2,0,0,0,0,0.0625,auto_rules: bad_words or risk_score >= 1.500
133,5e823e169317a885,2025-06-09 18:34:54,18,2025-06,kpp,user_001,Да нахуй,0,,risk_candidate,0.4286,8,2,0,0,0,0,0.1429,auto_rules: bad_words or risk_score >= 1.500
134,7a7b47af9dbaee6b,2025-01-22 12:59:44,12,2025-01,kpp,user_002,я все сделаю и завалюсь спать,0,,random,0.0,29,6,0,0,0,0,0.0,auto_rules: bad_words or risk_score >= 1.500
135,79b588eb83ba83c0,2025-01-27 22:48:18,22,2025-01,kpp,user_001,Типо так это просто фотка какого-то левого типа,0,,random,0.0769,47,9,0,0,0,0,0.0256,auto_rules: bad_words or risk_score >= 1.500
136,a0c09d7042e69dce,2024-11-22 18:09:05,18,2024-11,kpp,user_004,чего нахуй,0,,random,0.0,10,2,0,0,0,0,0.0,auto_rules: bad_words or risk_score >= 1.500
137,378722e1426401c6,2025-08-26 21:57:19,21,2025-08,kpp,user_002,поехали в питер борщи ебашить будешь,1,auto: bad word / hostile word,risk_candidate,3.0,36,6,1,0,0,0,0.0,auto_rules: bad_words or risk_score >= 1.500
138,d3a4b74d76450117,2024-12-18 00:23:54,0,2024-12,kpp,user_002,ну мы лружили толпой раньше,0,,random,0.0,27,5,0,0,0,0,0.0,auto_rules: bad_words or risk_score >= 1.500
139,ebc90d9967118447,2025-06-04 23:00:35,23,2025-06,kpp,user_003,Просто опечатка,0,,risk_candidate,0.2143,15,2,0,0,0,0,0.0714,auto_rules: bad_words or risk_score >= 1.500
140,688aabfdd4116fb6,2025-09-28 15:24:14,15,2025-09,kpp,user_001,И не отвечай нахуй,0,,risk_candidate,0.2,18,4,0,0,0,0,0.0667,auto_rules: bad_words or risk_score >= 1.500
141,d40f0b9646d9bbd4,2025-09-18 18:30:25,18,2025-09,kpp,user_003,Да,1,auto: risk_score >= 1.500,random,1.5,2,1,0,0,0,0,0.5,auto_rules: bad_words or risk_score >= 1.500
142,845ed750460e1cab,2025-11-21 19:05:12,19,2025-11,kpp,user_003,Вонища пзд,0,,risk_candidate,0.3333,10,2,0,0,0,0,0.1111,auto_rules: bad_words or risk_score >= 1.500
143,c64b0940f2aa63fa,2024-01-17 01:21:19,1,2024-01,kpp,user_004,Они производную берут,0,,risk_candidate,0.1579,21,3,0,0,0,0,0.0526,auto_rules: bad_words or risk_score >= 1.500
144,51ee9292673799a6,2025-04-18 21:10:47,21,2025-04,kpp,user_002,но бля холодно будет наверное мы умрем,1,auto: bad word / hostile word,random,3.0,38,7,1,0,0,0,0.0,auto_rules: bad_words or risk_score >= 1.500
145,dd0673f475b3b37e,2025-03-26 14:09:02,14,2025-03,kpp,user_004,И все в этом духе,0,,risk_candidate,0.2308,17,5,0,0,0,0,0.0769,auto_rules: bad_words or risk_score >= 1.500
146,86c85a6ba561ff56,2024-03-27 22:23:01,22,2024-03,kpp,user_003,как его ебашили,1,auto: bad word / hostile word,random,3.0,15,3,1,0,0,0,0.0,auto_rules: bad_words or risk_score >= 1.500
147,014bfedfb017a9de,2024-11-25 18:42:28,18,2024-11,kpp,user_004,И в чт,0,,risk_candidate,0.75,6,3,0,0,0,0,0.25,auto_rules: bad_words or risk_score >= 1.500
148,4ebd94de2443e893,2025-04-13 23:03:34,23,2025-04,kpp,user_004,ССИ,1,auto: risk_score >= 1.500,risk_candidate,2.0,3,1,0,0,0,0,1.0,auto_rules: bad_words or risk_score >= 1.500
149,03210ea6cd07ade5,2025-05-08 12:43:47,12,2025-05,kpp,user_004,Да,1,auto: risk_score >= 1.500,random,1.5,2,1,0,0,0,0,0.5,auto_rules: bad_words or risk_score >= 1.500
150,6adddf43757f1c8f,2025-03-27 19:47:21,19,2025-03,kpp,user_004,че пишем в заключение презы,0,,random,0.0,27,5,0,0,0,0,0.0,auto_rules: bad_words or risk_score >= 1.500
151,66775344f04faeff,2025-03-12 17:41:31,17,2025-03,kpp,user_004,по тому,0,,random,0.0,7,2,0,0,0,0,0.0,auto_rules: bad_words or risk_score >= 1.500
152,0edaa7d578fefd3d,2024-06-02 22:08:30,22,2024-06,kpp,user_001,Координаты - это коэффициенты в линейном представлении,0,,risk_candidate,0.0638,54,6,0,0,0,0,0.0213,auto_rules: bad_words or risk_score >= 1.500
153,18e0a3ccb2b7f259,2024-06-17 00:19:04,0,2024-06,kpp,user_004,Димон там пыхтит,0,,random,0.2143,16,3,0,0,0,0,0.0714,auto_rules: bad_words or risk_score >= 1.500
154,8eaed8b2df5c66d2,2024-11-27 19:35:31,19,2024-11,kpp,user_001,мы можем подстраивать на сколько частей разрезать динамически,0,,random,0.0,61,8,0,0,0,0,0.0,auto_rules: bad_words or risk_score >= 1.500
155,f6112eb657c99a03,2025-05-25 17:32:34,17,2025-05,kpp,user_004,Уже.,0,,risk_candidate,1.0,4,1,0,0,0,0,0.3333,auto_rules: bad_words or risk_score >= 1.500
156,0df7c6fa9e1dad40,2026-02-05 13:48:53,13,2026-02,kpp,user_002,оба раза,0,,random,0.0,8,2,0,0,0,0,0.0,auto_rules: bad_words or risk_score >= 1.500
157,1bc0b2a37f4eb3b8,2023-12-15 22:48:57,22,2023-12,kpp,user_001,Я столько таких экранов ловил,0,,risk_candidate,0.12,29,5,0,0,0,0,0.04,auto_rules: bad_words or risk_score >= 1.500
158,53b24b7a7df2312c,2026-04-16 16:09:46,16,2026-04,kpp,user_001,Я бота сделаю,0,,random,0.2727,13,3,0,0,0,0,0.0909,auto_rules: bad_words or risk_score >= 1.500
159,1675bcdffd1cbf71,2023-12-25 19:49:22,19,2023-12,kpp,user_002,на 1,0,,random,0.0,4,2,0,0,0,0,0.0,auto_rules: bad_words or risk_score >= 1.500
160,ee6f1d69772c9bef,2025-12-14 22:05:43,22,2025-12,kpp,user_002,бля у неё даже купальник не стринги,1,auto: bad word / hostile word,risk_candidate,3.0,35,7,1,0,0,0,0.0,auto_rules: bad_words or risk_score >= 1.500
161,9c2b726b078c4d68,2025-04-14 11:30:54,11,2025-04,kpp,user_004,что буре,0,,random,0.0,8,2,0,0,0,0,0.0,auto_rules: bad_words or risk_score >= 1.500
162,8fb3b642fcc8f66b,2024-01-11 13:25:57,13,2024-01,kpp,user_004,Блять,1,auto: bad word / hostile word,random,3.6,5,1,1,0,0,0,0.2,auto_rules: bad_words or risk_score >= 1.500
163,72504cc352808c4e,2025-06-18 00:47:59,0,2025-06,kpp,user_004,Иван,0,,risk_candidate,0.75,4,1,0,0,0,0,0.25,auto_rules: bad_words or risk_score >= 1.500
164,899eb8c0cd6c2d4d,2024-12-05 12:44:38,12,2024-12,kpp,user_004,Что блять,1,auto: bad word / hostile word,risk_candidate,3.375,9,2,1,0,0,0,0.125,auto_rules: bad_words or risk_score >= 1.500
165,1ffa7ee5bc5a3ada,2024-10-21 22:50:25,22,2024-10,kpp,user_001,Как это делает Никита,0,,risk_candidate,0.3333,21,4,0,0,0,0,0.1111,auto_rules: bad_words or risk_score >= 1.500
166,74381a15658a35a4,2024-01-15 23:43:37,23,2024-01,kpp,user_001,Вроде бы,0,,risk_candidate,0.4286,8,2,0,0,0,0,0.1429,auto_rules: bad_words or risk_score >= 1.500
167,b9305164dc3fee84,2024-11-10 23:38:26,23,2024-11,kpp,user_004,да,0,,random,0.0,2,1,0,0,0,0,0.0,auto_rules: bad_words or risk_score >= 1.500
168,a19d27367465602d,2024-09-10 14:53:35,14,2024-09,kpp,user_004,Спиздим денег,0,,risk_candidate,0.25,13,2,0,0,0,0,0.0833,auto_rules: bad_words or risk_score >= 1.500
169,8e22c4fb695385ff,2025-10-25 22:10:36,22,2025-10,kpp,user_003,еще,0,,random,0.0,3,1,0,0,0,0,0.0,auto_rules: bad_words or risk_score >= 1.500
170,c7705b47bf5ffc50,2025-12-02 19:34:42,19,2025-12,ls,user_002,блять,1,auto: bad word / hostile word,random,3.0,5,1,1,0,0,0,0.0,auto_rules: bad_words or risk_score >= 1.500
171,2bb827f4640d3afc,2025-07-10 23:12:46,23,2025-07,kpp,user_002,колдун,0,,random,0.0,6,1,0,0,0,0,0.0,auto_rules: bad_words or risk_score >= 1.500
172,e000058ca69d441b,2024-06-25 12:57:40,12,2024-06,kpp,user_004,лучше в минск погнали,0,,random,0.0,21,4,0,0,0,0,0.0,auto_rules: bad_words or risk_score >= 1.500
173,23a497b378f28b95,2024-09-11 23:21:35,23,2024-09,kpp,user_001,<URL>,1,auto: risk_score >= 1.500,risk_candidate,2.0,5,1,0,0,0,0,1.0,auto_rules: bad_words or risk_score >= 1.500
174,8235c72af8ab99c8,2025-01-13 23:46:55,23,2025-01,kpp,user_001,чё вы как маленькие,0,,random,0.0,19,4,0,0,0,0,0.0,auto_rules: bad_words or risk_score >= 1.500
175,84a7b6d91705fad4,2026-01-29 17:24:22,17,2026-01,kpp,user_001,Разметки то нет,0,,random,0.2308,15,3,0,0,0,0,0.0769,auto_rules: bad_words or risk_score >= 1.500
176,b6469345cdc0c685,2024-06-19 21:13:37,21,2024-06,kpp,user_004,Большая,0,,risk_candidate,0.4286,7,1,0,0,0,0,0.1429,auto_rules: bad_words or risk_score >= 1.500
177,71c83e30ff05f38a,2025-05-18 16:16:05,16,2025-05,kpp,user_002,маму ноутбука ебал,1,auto: bad word / hostile word,random,3.0,18,3,1,0,0,0,0.0,auto_rules: bad_words or risk_score >= 1.500
178,7927786ff7942e22,2025-01-04 20:33:56,20,2025-01,kpp,user_004,Остальное по подписке,0,,random,0.1579,21,3,0,0,0,0,0.0526,auto_rules: bad_words or risk_score >= 1.500
179,1cbcafefd9b71b8a,2026-03-22 23:22:30,23,2026-03,kpp,user_004,ты звонил ему?,0,,random,0.2,14,3,0,0,0,1,0.0,auto_rules: bad_words or risk_score >= 1.500
180,9998abc5a755310f,2024-11-22 02:22:44,2,2024-11,kpp,user_004,Это продолжения того видоса,0,,risk_candidate,0.125,27,4,0,0,0,0,0.0417,auto_rules: bad_words or risk_score >= 1.500
181,2402113e32206976,2024-10-07 11:16:47,11,2024-10,kpp,user_002,монеты,0,,random,0.0,6,1,0,0,0,0,0.0,auto_rules: bad_words or risk_score >= 1.500
182,94b7325687f739cb,2024-05-22 20:39:52,20,2024-05,kpp,user_001,На днях,0,,risk_candidate,0.5,7,2,0,0,0,0,0.1667,auto_rules: bad_words or risk_score >= 1.500
183,c74b74875174218b,2025-05-24 15:46:27,15,2025-05,kpp,user_004,Зато со спертсяном,0,,risk_candidate,0.1875,18,3,0,0,0,0,0.0625,auto_rules: bad_words or risk_score >= 1.500
184,906e37f470ac60e2,2025-10-14 19:00:23,19,2025-10,kpp,user_002,"Я мастурбировала себе и делала минет Эдуарду одновременно. Было очень тяжело не издавать никаких звуков – волны удовольствия так и хлестали меня. Прошла, наверно, целая вечность, прежде чем Эдуард наконец выплеснул большую порцию спермы в мой рот. Я почувствовала, как из-под моих губ, которые обхватывали головку его члена, вытекли горячие капли и потекли по стволу на мои пальцы, державшие член Эдуарда у основания. Я облизала головку и ствол, убирая остатки убежавшей жидкости, и заглотила все, чтобы не испачкать брюки Эдуарда. Обтерла свои губы и подбородок заранее приготовленной салфеткой… – Что ж, коллеги, спасибо за обсуждение, – слегка сдавленным голосом сказал Эдуард. – Теперь вернемся к работе… Стулья стали отодвигаться, раздавались и тут, и там мужские голоса. Все прощались с Эдуардом. Подробнее на livelib.ru: <URL>",0,,risk_candidate,0.0888,833,122,0,0,0,0,0.0296,auto_rules: bad_words or risk_score >= 1.500
185,14b8bd2c2b053fcd,2024-12-15 13:25:09,13,2024-12,kpp,user_004,Проверь,0,,random,0.4286,7,1,0,0,0,0,0.1429,auto_rules: bad_words or risk_score >= 1.500
186,bbca33d7c87f6c39,2025-03-14 14:17:25,14,2025-03,kpp,user_001,Мы тут сидим нихуя не делаем,0,,risk_candidate,0.1304,28,6,0,0,0,0,0.0435,auto_rules: bad_words or risk_score >= 1.500
187,4159c73a734f9114,2026-03-31 17:50:49,17,2026-03,kpp,user_001,Подумал бы о сексе,0,,random,0.2,18,4,0,0,0,0,0.0667,auto_rules: bad_words or risk_score >= 1.500
188,656c6d2402dbb348,2025-03-30 00:17:59,0,2025-03,kpp,user_002,а бляяяяя,1,auto: bad word / hostile word,risk_candidate,3.0,9,2,1,0,0,0,0.0,auto_rules: bad_words or risk_score >= 1.500
189,2f7821171ff01a0f,2025-02-19 17:42:50,17,2025-02,kpp,user_001,Точняк,0,,risk_candidate,0.5,6,1,0,0,0,0,0.1667,auto_rules: bad_words or risk_score >= 1.500
190,5cbe520e69116054,2025-09-08 18:59:08,18,2025-09,kpp,user_003,Куй железо пока горячо,0,,random,0.1579,22,4,0,0,0,0,0.0526,auto_rules: bad_words or risk_score >= 1.500
191,6d01bef10eaff38d,2023-12-02 12:37:49,12,2023-12,kpp,user_003,Да,1,auto: risk_score >= 1.500,random,1.5,2,1,0,0,0,0,0.5,auto_rules: bad_words or risk_score >= 1.500
192,3ac9fb985335dfbd,2025-03-25 22:46:14,22,2025-03,kpp,user_004,Сделай вот так пожалуйста,0,,random,0.1364,25,4,0,0,0,0,0.0455,auto_rules: bad_words or risk_score >= 1.500
193,ef8680a6bf022341,2024-12-13 16:58:19,16,2024-12,kpp,user_001,Ей видимо все уступали потому что у неё дцп,0,,random,0.0857,43,9,0,0,0,0,0.0286,auto_rules: bad_words or risk_score >= 1.500
194,d39cdc74b46402ff,2026-04-02 20:13:07,20,2026-04,ls,user_002,во сколько,0,,random,0.0,10,2,0,0,0,0,0.0,auto_rules: bad_words or risk_score >= 1.500
195,5bb21e50eea95259,2025-05-18 13:42:57,13,2025-05,kpp,user_001,Наглость бесплатная конечно,0,,random,0.12,27,3,0,0,0,0,0.04,auto_rules: bad_words or risk_score >= 1.500
196,bd25e3991e70aca5,2025-09-16 21:42:01,21,2025-09,kpp,user_004,Мб мы напишем завтра с утра с Глебом и тебе кинем?,0,,risk_candidate,0.3538,50,11,0,0,0,1,0.0513,auto_rules: bad_words or risk_score >= 1.500
197,02f2721fb01f0861,2025-09-04 11:08:05,11,2025-09,kpp,user_002,пиздуй,1,auto: bad word / hostile word,risk_candidate,3.0,6,1,1,0,0,0,0.0,auto_rules: bad_words or risk_score >= 1.500
198,8cb8cc63066e584d,2026-04-25 23:47:31,23,2026-04,kpp,user_003,Че делаете,0,,risk_candidate,0.3333,10,2,0,0,0,0,0.1111,auto_rules: bad_words or risk_score >= 1.500
199,971b463bd3589d89,2024-07-08 15:52:26,15,2024-07,kpp,user_002,что это,0,,random,0.0,7,2,0,0,0,0,0.0,auto_rules: bad_words or risk_score >= 1.500
200,e188feeaf1f85346,2024-07-27 10:37:50,10,2024-07,kpp,user_001,Тоже верно,0,,risk_candidate,0.3333,10,2,0,0,0,0,0.1111,auto_rules: bad_words or risk_score >= 1.500
201,b6716abbb9769748,2025-01-22 22:44:02,22,2025-01,kpp,user_004,ну наверное,0,,random,0.0,11,2,0,0,0,0,0.0,auto_rules: bad_words or risk_score >= 1.500
202,74046580be5ba2a8,2024-09-27 17:13:42,17,2024-09,kpp,user_002,ну бля,1,auto: bad word / hostile word,risk_candidate,3.0,6,2,1,0,0,0,0.0,auto_rules: bad_words or risk_score >= 1.500
203,eb93f0c1f9a5fe5f,2026-03-24 17:57:45,17,2026-03,kpp,user_001,Как вам идея,0,,random,0.3,12,3,0,0,0,0,0.1,auto_rules: bad_words or risk_score >= 1.500
204,26ed754f4e365d59,2025-10-18 18:59:54,18,2025-10,kpp,user_002,мы позвали его пиво пить,0,,random,0.0,24,5,0,0,0,0,0.0,auto_rules: bad_words or risk_score >= 1.500
205,2d9b6c430176be69,2025-02-17 01:34:34,1,2025-02,kpp,user_004,"using UnityEngine; using UnityEngine.UI; using UnityEngine.SceneManagement; using TMPro; using System.IO; using System.Collections.Generic; using System.Text; public class MenuManager : MonoBehaviour { // UI Elements [SerializeField] private GameObject menuPanel; [SerializeField] private Button openMenuButton; [SerializeField] private Slider speedSlider; [SerializeField] private Slider volumeSlider; [SerializeField] private Button closeButton; [SerializeField] private TMP_Text scoreText; // Audio [SerializeField] private AudioSource metronomeSound; [SerializeField] public List<AudioClip> metronomeAudioClips; // Game Settings [SerializeField] private string gameTag = """"; public GameObject script; // Gameplay Variables public float interval = 1f; private float timer; public bool isPaused = false; private bool metronomeStarted = false; public int FirstPush = 0; // Score Management public float score = 0; private int maxStreak = 0; private int currentStreak = 0; public float spacePressCount = 0; public float enterPressCount = 0; public SerialPortReader serialPortReader; private bool isLeft = true; private bool isFirstSyllable = true; private AudioClip papaSound; private AudioClip mamaSound; private int audioIndex; public float currentTimeMetronomForTests = 0; private void Start() { InitializeAudio(); InitializeMenu(); InitializeSliders(); UpdateScoreText(); papaSound = GameObject.Find(""papasuond2"").GetComponent<AudioSource>().clip; Debug.Log(papaSound.name); mamaSound = GameObject.Find(""mamasound2"").GetComponent<AudioSource>().clip; } private void Update() { if (isPaused) return; if (Input.GetKeyDown(KeyCode.Space)) { FirstPush += 1; OnSpacePressed(); } if (Input.GetKeyDown(KeyCode.Return)) { FirstPush += 1; OnEnterPressed(); } if (metronomeStarted) { HandleMetronome(); } } private void InitializeAudio() { audioIndex = PlayerPrefs.GetInt(""chosen_sound"", 0); metronomeSound.clip = metronomeAudioClips[audioIndex - 1]; } private void InitializeMenu() { menuPanel.SetActive(false); closeButton.gameObject.SetActive(false); openMenuButton.onClick.AddListener(OpenMenu); closeButton.onClick.AddListener(CloseMenu); } private void InitializeSliders() { speedSlider.value = PlayerPrefs.GetFloat(""interval"", 1f); speedSlider.onValueChanged.AddListener(SetInterval); volumeSlider.value = PlayerPrefs.GetFloat(""volume"", 1f); volumeSlider.onValueChanged.AddListener(SetVolume); interval = speedSlider.value; timer = interval; } public void OnSpacePressed() { HandleSpacePress(); if (!metronomeStarted) { metronomeStarted = true; timer = interval; // Initialize timer on first space press } } public void OnEnterPressed() { HandleEnterPress(); if (!metronomeStarted) { metronomeStarted = true; timer = interval; // Initialize timer on first space press } } private void HandleSpacePress() { if (FirstPush == 1) { currentTimeMetronomForTests = Time.time; return; } spacePressCount++; currentStreak++; if (currentStreak > maxStreak) { maxStreak = currentStreak; } } private void HandleEnterPress() { if (FirstPush == 1) { currentTimeMetronomForTests = Time.time; return; } enterPressCount++; currentStreak++; if (currentStreak > maxStreak) { maxStreak = currentStreak; } }",0,,risk_candidate,1.1379,3186,311,0,0,2,0,0.1126,auto_rules: bad_words or risk_score >= 1.500
206,a5f8c1be55688218,2024-09-15 00:32:43,0,2024-09,kpp,user_002,бля,1,auto: bad word / hostile word,random,3.0,3,1,1,0,0,0,0.0,auto_rules: bad_words or risk_score >= 1.500
207,d0dfd2ba72bc4ce8,2024-09-10 22:31:14,22,2024-09,kpp,user_001,Это контркультура,0,,risk_candidate,0.1875,17,2,0,0,0,0,0.0625,auto_rules: bad_words or risk_score >= 1.500
208,c8a4b92a66c6d15a,2025-09-27 11:46:21,11,2025-09,kpp,user_001,Сейчас бля???,1,auto: bad word / hostile word,risk_candidate,3.9333,13,2,1,0,0,3,0.1111,auto_rules: bad_words or risk_score >= 1.500
209,06a908340de6f699,2025-05-20 23:31:47,23,2025-05,kpp,user_004,"Было видно, что постарался",0,,risk_candidate,0.1364,26,4,0,0,0,0,0.0455,auto_rules: bad_words or risk_score >= 1.500
210,b43582d148fca007,2024-02-29 20:52:23,20,2024-02,kpp,user_002,вкус африки,0,,random,0.0,11,2,0,0,0,0,0.0,auto_rules: bad_words or risk_score >= 1.500
211,83a501e3aa9a48cb,2025-02-19 00:35:21,0,2025-02,kpp,user_001,Тимбиодинг ёпта,0,,risk_candidate,0.2143,15,2,0,0,0,0,0.0714,auto_rules: bad_words or risk_score >= 1.500
212,9d4a1ee1650c9be6,2024-10-01 00:46:44,0,2024-10,kpp,user_002,с чего вы решили,0,,random,0.0,16,4,0,0,0,0,0.0,auto_rules: bad_words or risk_score >= 1.500
213,3ded5d4f8f942e87,2025-02-12 09:12:01,9,2025-02,kpp,user_001,Я уже стучусь к машинисту,0,,random,0.1429,25,5,0,0,0,0,0.0476,auto_rules: bad_words or risk_score >= 1.500
214,6a5e61cceec9f1f4,2024-09-19 21:06:10,21,2024-09,kpp,user_001,Один сделаем управляющим,0,,random,0.1364,24,3,0,0,0,0,0.0455,auto_rules: bad_words or risk_score >= 1.500
215,c51f62554c5bc5fc,2024-12-02 18:12:32,18,2024-12,kpp,user_001,"Меня заебало всё вокруг, а этот прокторинг мне очко порвал",0,,random,0.0625,58,10,0,0,0,0,0.0208,auto_rules: bad_words or risk_score >= 1.500
216,cf384ba05db7a487,2026-04-24 20:03:22,20,2026-04,ls,user_003,Или че как перефразировать,0,,risk_candidate,0.1304,26,4,0,0,0,0,0.0435,auto_rules: bad_words or risk_score >= 1.500
217,6998600732e741df,2025-04-01 00:24:21,0,2025-04,kpp,user_002,бля я кстати на глаз идеально ровно угадал середину экрана,1,auto: bad word / hostile word,random,3.0,58,10,1,0,0,0,0.0,auto_rules: bad_words or risk_score >= 1.500
218,3067530d5bbc188e,2024-10-07 17:23:20,17,2024-10,kpp,user_003,Она просто уебала минусы и все без каких либо пометок,0,,risk_candidate,0.0682,53,10,0,0,0,0,0.0227,auto_rules: bad_words or risk_score >= 1.500
219,a8faf4b20e1dcaf4,2025-12-14 22:20:22,22,2025-12,kpp,user_002,ну она худая была но не скелет,0,,random,0.0,30,7,0,0,0,0,0.0,auto_rules: bad_words or risk_score >= 1.500
220,0b102b0e62f7811f,2024-02-20 16:12:14,16,2024-02,kpp,user_004,В контрольной ошибся на -1,0,,random,0.15,26,5,0,0,0,0,0.05,auto_rules: bad_words or risk_score >= 1.500
221,c801a88d90617ea8,2024-12-26 14:52:12,14,2024-12,kpp,user_004,Киньте сюда скрин Демидовича,0,,risk_candidate,0.24,28,4,0,0,0,0,0.08,auto_rules: bad_words or risk_score >= 1.500
222,4278eb7ec5a9a603,2024-08-23 02:08:04,2,2024-08,kpp,user_002,самый первый,0,,random,0.0,12,2,0,0,0,0,0.0,auto_rules: bad_words or risk_score >= 1.500
223,2da1e72b59a60f10,2025-03-04 17:57:58,17,2025-03,kpp,user_004,Оправдывайся,0,,risk_candidate,0.25,12,1,0,0,0,0,0.0833,auto_rules: bad_words or risk_score >= 1.500
224,98b9b71abbf5eaf3,2025-04-21 01:55:05,1,2025-04,kpp,user_004,Покажи,0,,risk_candidate,0.5,6,1,0,0,0,0,0.1667,auto_rules: bad_words or risk_score >= 1.500
225,ad852a83c46722ba,2024-10-07 14:28:06,14,2024-10,kpp,user_003,Вот это то что тут стоит,0,,risk_candidate,0.1579,24,6,0,0,0,0,0.0526,auto_rules: bad_words or risk_score >= 1.500
226,aefdb221cf9709e0,2024-10-13 22:34:52,22,2024-10,kpp,user_002,я щас сижу делаю,0,,random,0.0,16,4,0,0,0,0,0.0,auto_rules: bad_words or risk_score >= 1.500
227,402ae704c31a02d8,2026-01-09 15:50:12,15,2026-01,kpp,user_002,вместе,0,,random,0.0,6,1,0,0,0,0,0.0,auto_rules: bad_words or risk_score >= 1.500
228,393e7d8314c97214,2025-11-18 18:43:52,18,2025-11,ls,user_002,сразу нахуй,0,,random,0.0,11,2,0,0,0,0,0.0,auto_rules: bad_words or risk_score >= 1.500
229,705979c1c0c55c05,2024-06-29 23:48:40,23,2024-06,kpp,user_004,В точках do,0,,random,0.3333,11,3,0,0,0,0,0.1111,auto_rules: bad_words or risk_score >= 1.500
230,68ffb5437576786a,2024-05-16 11:36:54,11,2024-05,kpp,user_001,Там все варианты решены,0,,risk_candidate,0.15,23,4,0,0,0,0,0.05,auto_rules: bad_words or risk_score >= 1.500
231,f00604fa741cf4ba,2024-09-14 17:40:53,17,2024-09,kpp,user_003,мы во сколько в след субботу поедем ?,0,,risk_candidate,0.2,37,7,0,0,0,1,0.0,auto_rules: bad_words or risk_score >= 1.500
232,1f74d58850878aca,2024-05-06 23:37:05,23,2024-05,kpp,user_002,две асимптоты,0,,random,0.0,13,2,0,0,0,0,0.0,auto_rules: bad_words or risk_score >= 1.500
233,51103b5b7b206aa2,2024-11-05 15:59:09,15,2024-11,kpp,user_004,Тебе,0,,risk_candidate,0.75,4,1,0,0,0,0,0.25,auto_rules: bad_words or risk_score >= 1.500
234,bd77f5f1e72a61a9,2024-09-15 14:37:02,14,2024-09,kpp,user_003,<URL>,1,auto: risk_score >= 1.500,risk_candidate,2.0,5,1,0,0,0,0,1.0,auto_rules: bad_words or risk_score >= 1.500
235,376031f7823cbae4,2023-11-01 00:55:45,0,2023-11,kpp,user_004,Не иди,0,,risk_candidate,0.6,6,2,0,0,0,0,0.2,auto_rules: bad_words or risk_score >= 1.500
236,6fcdba9dc0f97304,2025-04-11 01:24:11,1,2025-04,kpp,user_001,Добрый день! Высылаю следующую лабораторную работу.,0,,risk_candidate,0.5364,51,6,0,0,1,0,0.0455,auto_rules: bad_words or risk_score >= 1.500
237,55906751e5e3dfb8,2025-10-12 16:07:52,16,2025-10,kpp,user_002,без гейства,0,,random,0.0,11,2,0,0,0,0,0.0,auto_rules: bad_words or risk_score >= 1.500
238,4ade80297613bdf1,2026-02-26 13:43:36,13,2026-02,kpp,user_002,по любви мы в арех залетим сегодня,0,,random,0.0,34,7,0,0,0,0,0.0,auto_rules: bad_words or risk_score >= 1.500
239,18eb8f8eac9e54ff,2024-03-25 19:19:40,19,2024-03,kpp,user_001,А запчасти хуй найдёшь,1,auto: bad word / hostile word,risk_candidate,3.1579,22,4,1,0,0,0,0.0526,auto_rules: bad_words or risk_score >= 1.500
240,0a8dea915eb00702,2025-12-13 14:03:31,14,2025-12,kpp,user_001,Это уже ебатьня какая-то,1,auto: bad word / hostile word,random,3.15,24,5,1,0,0,0,0.05,auto_rules: bad_words or risk_score >= 1.500
241,478edfef62ca2c13,2025-01-20 23:44:34,23,2025-01,kpp,user_003,Один хуй списывать,1,auto: bad word / hostile word,risk_candidate,3.1875,18,3,1,0,0,0,0.0625,auto_rules: bad_words or risk_score >= 1.500
242,778167aaf733ab10,2024-10-14 17:55:24,17,2024-10,kpp,user_001,"Потом можно либо уповать на бога, что сообщение пришло и не ждать ответ",0,,risk_candidate,0.0517,71,13,0,0,0,0,0.0172,auto_rules: bad_words or risk_score >= 1.500
243,ae3651439df5ebaf,2025-08-08 19:30:54,19,2025-08,kpp,user_001,За то что я клоун ебаный,1,auto: bad word / hostile word,risk_candidate,3.1579,24,6,1,0,0,0,0.0526,auto_rules: bad_words or risk_score >= 1.500
244,220eb3d28185d3b9,2024-05-17 18:32:59,18,2024-05,kpp,user_002,в кировском,0,,random,0.0,11,2,0,0,0,0,0.0,auto_rules: bad_words or risk_score >= 1.500
245,fb514625cc2e46da,2024-03-13 18:59:16,18,2024-03,kpp,user_004,Пизда,1,auto: bad word / hostile word,random,3.6,5,1,1,0,0,0,0.2,auto_rules: bad_words or risk_score >= 1.500
246,4d0ee4b6e56af5bc,2025-09-13 21:03:17,21,2025-09,kpp,user_004,Я Ярику это перешлю,0,,risk_candidate,0.375,19,4,0,0,0,0,0.125,auto_rules: bad_words or risk_score >= 1.500
247,f582bb340a04468e,2025-12-20 11:05:45,11,2025-12,kpp,user_001,Бля,1,auto: bad word / hostile word,risk_candidate,4.0,3,1,1,0,0,0,0.3333,auto_rules: bad_words or risk_score >= 1.500
248,8192a13920d050c3,2025-12-12 20:57:49,20,2025-12,kpp,user_003,Или те нахуй,0,,risk_candidate,0.3,12,3,0,0,0,0,0.1,auto_rules: bad_words or risk_score >= 1.500
249,0d51808534b6bc6d,2024-01-25 22:19:10,22,2024-01,kpp,user_004,Может моник не работает,0,,risk_candidate,0.15,23,4,0,0,0,0,0.05,auto_rules: bad_words or risk_score >= 1.500
250,fb68ca19f2241e7e,2024-11-23 23:38:14,23,2024-11,kpp,user_004,Дела,0,,random,0.75,4,1,0,0,0,0,0.25,auto_rules: bad_words or risk_score >= 1.500
251,edb129d280ee5aa3,2025-04-30 17:25:44,17,2025-04,kpp,user_002,иван,0,,random,0.0,4,1,0,0,0,0,0.0,auto_rules: bad_words or risk_score >= 1.500
252,3fa8e84dcf2f78d3,2024-05-29 15:20:56,15,2024-05,kpp,user_001,можешь ссылку кинуть,0,,random,0.0,20,3,0,0,0,0,0.0,auto_rules: bad_words or risk_score >= 1.500
253,364d97f3f1a8c373,2025-04-21 02:48:18,2,2025-04,kpp,user_001,Сложно до диалога додуматься,0,,risk_candidate,0.12,28,4,0,0,0,0,0.04,auto_rules: bad_words or risk_score >= 1.500
254,750106f389939926,2025-12-08 19:58:57,19,2025-12,kpp,user_004,Любой пуховик,0,,random,0.25,13,2,0,0,0,0,0.0833,auto_rules: bad_words or risk_score >= 1.500
255,53adbb14854b033a,2026-02-17 16:00:19,16,2026-02,kpp,user_001,А как ты такой текст делаешь?,0,,random,0.3304,29,6,0,0,0,1,0.0435,auto_rules: bad_words or risk_score >= 1.500
256,4257b34999a97036,2024-12-06 11:55:06,11,2024-12,kpp,user_004,А какую ты брал?,0,,random,0.45,16,4,0,0,0,1,0.0833,auto_rules: bad_words or risk_score >= 1.500
257,b324195fc262f05a,2025-01-22 18:16:03,18,2025-01,kpp,user_002,ебани мне расклад,1,auto: bad word / hostile word,risk_candidate,3.0,17,3,1,0,0,0,0.0,auto_rules: bad_words or risk_score >= 1.500
258,2955e3fea613a40d,2024-12-22 00:09:39,0,2024-12,kpp,user_002,еще я у вани не увидел вывод пределов и производной компл функции,0,,random,0.0,65,12,0,0,0,0,0.0,auto_rules: bad_words or risk_score >= 1.500
259,1c4e12dd91e938be,2025-02-19 17:42:36,17,2025-02,kpp,user_001,Времени мало,0,,random,0.2727,12,2,0,0,0,0,0.0909,auto_rules: bad_words or risk_score >= 1.500
260,f51122a086ec684f,2025-06-07 17:09:54,17,2025-06,kpp,user_001,Ставь им подножки,0,,random,0.2,17,3,0,0,0,0,0.0667,auto_rules: bad_words or risk_score >= 1.500
261,0cb70492c08959a2,2025-04-25 23:29:13,23,2025-04,kpp,user_001,Хавку дотащу до стола,0,,random,0.1667,21,4,0,0,0,0,0.0556,auto_rules: bad_words or risk_score >= 1.500
262,7c449ef96722a1da,2026-01-20 13:04:56,13,2026-01,kpp,user_001,Мне ща чел невзначай задачи 4 накинул,0,,risk_candidate,0.1,37,7,0,0,0,0,0.0333,auto_rules: bad_words or risk_score >= 1.500
263,0505a0ba8c548021,2024-06-21 14:14:04,14,2024-06,kpp,user_001,Это ты?,0,,risk_candidate,0.8,7,2,0,0,0,1,0.2,auto_rules: bad_words or risk_score >= 1.500
264,b25287b7390b4156,2024-01-13 10:27:45,10,2024-01,kpp,user_004,Были,0,,risk_candidate,0.75,4,1,0,0,0,0,0.25,auto_rules: bad_words or risk_score >= 1.500
265,21ba9c772ddba1ed,2025-11-20 22:12:40,22,2025-11,kpp,user_001,"Делай, хули",0,,risk_candidate,0.3333,11,2,0,0,0,0,0.1111,auto_rules: bad_words or risk_score >= 1.500
266,b10d0073ae28bc45,2025-01-16 18:43:28,18,2025-01,kpp,user_001,при такой логике 4,0,,random,0.0,18,4,0,0,0,0,0.0,auto_rules: bad_words or risk_score >= 1.500
267,0a87622657d60bc0,2025-10-30 18:39:47,18,2025-10,kpp,user_001,"Без неё не обошлось, да",0,,risk_candidate,0.1667,23,5,0,0,0,0,0.0556,auto_rules: bad_words or risk_score >= 1.500
268,3bd0a9e6683b15f3,2023-12-11 19:25:01,19,2023-12,kpp,user_004,подрочить?,0,,risk_candidate,0.2,10,1,0,0,0,1,0.0,auto_rules: bad_words or risk_score >= 1.500
269,48c397bbb7817904,2025-03-22 14:07:56,14,2025-03,kpp,user_004,Сразу видно,0,,random,0.3,11,2,0,0,0,0,0.1,auto_rules: bad_words or risk_score >= 1.500
270,5ef5546e5f3ea9a1,2025-09-08 19:17:07,19,2025-09,kpp,user_001,Да,1,auto: risk_score >= 1.500,random,1.5,2,1,0,0,0,0,0.5,auto_rules: bad_words or risk_score >= 1.500
271,df9e49be25606914,2024-11-07 14:28:24,14,2024-11,kpp,user_002,вытащить,0,,random,0.0,8,1,0,0,0,0,0.0,auto_rules: bad_words or risk_score >= 1.500
272,528a980c53067aa9,2024-06-18 18:58:58,18,2024-06,kpp,user_003,ее расчехвостили ?,0,,risk_candidate,0.2,18,2,0,0,0,1,0.0,auto_rules: bad_words or risk_score >= 1.500
273,ab488125babc8c7c,2025-04-14 09:37:41,9,2025-04,kpp,user_001,Какая нам пизда,1,auto: bad word / hostile word,random,3.2308,15,3,1,0,0,0,0.0769,auto_rules: bad_words or risk_score >= 1.500
274,1b100101637b768c,2024-04-29 08:47:35,8,2024-04,kpp,user_002,бля бусько в вагон зашел,1,auto: bad word / hostile word,risk_candidate,3.0,24,5,1,0,0,0,0.0,auto_rules: bad_words or risk_score >= 1.500
275,d148957ddbe3a6eb,2024-07-03 22:43:44,22,2024-07,kpp,user_001,Частичная сумма стремится к числу,0,,risk_candidate,0.1034,33,5,0,0,0,0,0.0345,auto_rules: bad_words or risk_score >= 1.500
276,877a6b35fb62e4c0,2025-01-03 17:50:22,17,2025-01,kpp,user_004,Мы ей должны содержание вывести нахуй,0,,risk_candidate,0.0938,37,6,0,0,0,0,0.0312,auto_rules: bad_words or risk_score >= 1.500
277,cf1a18ea8d43e3e6,2025-04-25 22:51:29,22,2025-04,kpp,user_004,вооооо,0,,random,0.0,6,1,0,0,0,0,0.0,auto_rules: bad_words or risk_score >= 1.500
278,7eb5c8536ddd033a,2024-07-02 02:14:19,2,2024-07,kpp,user_002,я нихуя не вдупляю,0,,random,0.0,18,4,0,0,0,0,0.0,auto_rules: bad_words or risk_score >= 1.500
279,3e5a16c2d2f49d78,2024-05-16 19:38:33,19,2024-05,kpp,user_004,В воде,0,,random,0.6,6,2,0,0,0,0,0.2,auto_rules: bad_words or risk_score >= 1.500
280,a9be428a6d84b8c4,2024-06-19 00:39:35,0,2024-06,kpp,user_001,Бля,1,auto: bad word / hostile word,risk_candidate,4.0,3,1,1,0,0,0,0.3333,auto_rules: bad_words or risk_score >= 1.500
281,36bbfe9f2149dcd9,2025-12-13 14:21:29,14,2025-12,kpp,user_004,Если будет ужесточение,0,,risk_candidate,0.15,22,3,0,0,0,0,0.05,auto_rules: bad_words or risk_score >= 1.500
282,13c738f8e2d1cb85,2024-04-23 23:13:39,23,2024-04,kpp,user_004,Пох,0,,risk_candidate,1.0,3,1,0,0,0,0,0.3333,auto_rules: bad_words or risk_score >= 1.500
283,09b1d62764c227e7,2025-03-28 19:57:10,19,2025-03,kpp,user_002,да,0,,random,0.0,2,1,0,0,0,0,0.0,auto_rules: bad_words or risk_score >= 1.500
284,6dad4c613b8ee23b,2025-01-20 16:29:06,16,2025-01,kpp,user_001,Бля,1,auto: bad word / hostile word,random,4.0,3,1,1,0,0,0,0.3333,auto_rules: bad_words or risk_score >= 1.500
285,d7a66bc0296a55b1,2024-09-03 19:19:21,19,2024-09,kpp,user_002,хули никто кроме меня не позвонит,0,,random,0.0,33,6,0,0,0,0,0.0,auto_rules: bad_words or risk_score >= 1.500
286,743d5f3ce58386ba,2025-04-21 02:06:32,2,2025-04,kpp,user_004,Полностью,0,,random,0.3333,9,1,0,0,0,0,0.1111,auto_rules: bad_words or risk_score >= 1.500
287,2ff18a5886848888,2024-06-20 13:21:51,13,2024-06,kpp,user_001,Ты бы написал определение изоморфности,0,,risk_candidate,0.0882,38,5,0,0,0,0,0.0294,auto_rules: bad_words or risk_score >= 1.500
288,eba03543434db53c,2024-01-14 23:47:38,23,2024-01,kpp,user_001,Да,1,auto: risk_score >= 1.500,risk_candidate,1.5,2,1,0,0,0,0,0.5,auto_rules: bad_words or risk_score >= 1.500
289,8a9616433bd1f815,2024-10-01 01:07:22,1,2024-10,kpp,user_004,Нет,0,,risk_candidate,1.0,3,1,0,0,0,0,0.3333,auto_rules: bad_words or risk_score >= 1.500
290,c6fea0e0ed73b553,2023-09-17 20:58:31,20,2023-09,kpp,user_004,А нам по геоме что-то задавали?,0,,random,0.325,31,7,0,0,0,1,0.0417,auto_rules: bad_words or risk_score >= 1.500
291,145c833f584d9d0f,2024-10-07 00:06:36,0,2024-10,kpp,user_003,Так то норм,0,,risk_candidate,0.3333,11,3,0,0,0,0,0.1111,auto_rules: bad_words or risk_score >= 1.500
292,f87c9352c6ddaa5f,2025-10-22 23:00:02,23,2025-10,kpp,user_003,Она нормально поступает,0,,random,0.1429,23,3,0,0,0,0,0.0476,auto_rules: bad_words or risk_score >= 1.500
293,4770ea4b759f7030,2023-09-30 21:19:31,21,2023-09,kpp,user_004,Тусовка,0,,risk_candidate,0.4286,7,1,0,0,0,0,0.1429,auto_rules: bad_words or risk_score >= 1.500
294,af3d5ff7309a7e4a,2024-09-17 00:42:22,0,2024-09,kpp,user_002,но как будто нужно дожимать,0,,random,0.0,27,5,0,0,0,0,0.0,auto_rules: bad_words or risk_score >= 1.500
295,f73787f898cb14bd,2025-09-01 14:44:28,14,2025-09,kpp,user_004,Куда-то ехать,0,,random,0.2727,13,3,0,0,0,0,0.0909,auto_rules: bad_words or risk_score >= 1.500
296,ffd1fc659582dd75,2024-10-04 00:57:50,0,2024-10,kpp,user_004,так он 5 требует,0,,random,0.0,16,4,0,0,0,0,0.0,auto_rules: bad_words or risk_score >= 1.500
297,376d0e54a9d752dd,2024-12-16 17:58:06,17,2024-12,kpp,user_001,Отдых дома,0,,risk_candidate,0.3333,10,2,0,0,0,0,0.1111,auto_rules: bad_words or risk_score >= 1.500
298,3516e8707c3e8cd7,2025-05-24 14:08:09,14,2025-05,kpp,user_001,А че с военкой?,0,,random,0.4727,15,4,0,0,0,1,0.0909,auto_rules: bad_words or risk_score >= 1.500
299,d8a668e8340046cc,2025-05-02 17:25:50,17,2025-05,kpp,user_001,На черный день,0,,risk_candidate,0.25,14,3,0,0,0,0,0.0833,auto_rules: bad_words or risk_score >= 1.500
300,8e39cb50060f9621,2025-01-22 15:03:51,15,2025-01,kpp,user_002,есть сука,1,auto: bad word / hostile word,random,3.0,9,2,1,0,0,0,0.0,auto_rules: bad_words or risk_score >= 1.500
301,c79becd62d9e41e9,2025-12-13 18:37:42,18,2025-12,kpp,user_004,А зачет очно?,0,,risk_candidate,0.5,13,3,0,0,0,1,0.1,auto_rules: bad_words or risk_score >= 1.500
302,4cb8725931ed9f36,2025-10-27 11:43:21,11,2025-10,kpp,user_004,Это,0,,random,1.0,3,1,0,0,0,0,0.3333,auto_rules: bad_words or risk_score >= 1.500
303,46456df55c30b146,2024-12-05 01:10:00,1,2024-12,kpp,user_004,Надо быть собой,0,,random,0.2308,15,3,0,0,0,0,0.0769,auto_rules: bad_words or risk_score >= 1.500
304,026640c861d8f349,2024-05-21 15:12:37,15,2024-05,kpp,user_004,Так это завтра,0,,risk_candidate,0.25,14,3,0,0,0,0,0.0833,auto_rules: bad_words or risk_score >= 1.500
305,7fc3ffe2f12e4ac4,2025-05-15 19:12:05,19,2025-05,kpp,user_003,А сколько раз ты один мешочек вкинул ?,0,,random,0.3,38,7,0,0,0,1,0.0333,auto_rules: bad_words or risk_score >= 1.500
306,d3d214a343833bbe,2025-10-15 09:50:43,9,2025-10,kpp,user_002,бери самик,0,,random,0.0,10,2,0,0,0,0,0.0,auto_rules: bad_words or risk_score >= 1.500
307,7745f2c71f1d12c5,2025-05-08 23:50:22,23,2025-05,kpp,user_004,типо слова как признаки,0,,random,0.0,23,4,0,0,0,0,0.0,auto_rules: bad_words or risk_score >= 1.500
308,e1bf8e9d7ec6d066,2024-01-16 23:05:23,23,2024-01,kpp,user_001,Холодно стало,0,,risk_candidate,0.25,13,2,0,0,0,0,0.0833,auto_rules: bad_words or risk_score >= 1.500
309,27f96def5ecbab41,2025-12-20 00:25:35,0,2025-12,kpp,user_001,Минут 40 вьебу,0,,risk_candidate,0.3,14,3,0,0,0,0,0.1,auto_rules: bad_words or risk_score >= 1.500
310,5cfc79b8e63bd925,2024-12-07 14:46:19,14,2024-12,kpp,user_001,Окей,0,,risk_candidate,0.75,4,1,0,0,0,0,0.25,auto_rules: bad_words or risk_score >= 1.500
311,746cc10ba7e85b02,2025-02-13 08:13:34,8,2025-02,kpp,user_001,Сси,0,,random,1.0,3,1,0,0,0,0,0.3333,auto_rules: bad_words or risk_score >= 1.500
312,2d82ba88bbce90a5,2024-03-17 01:16:55,1,2024-03,kpp,user_002,вы не сделали,0,,random,0.0,13,3,0,0,0,0,0.0,auto_rules: bad_words or risk_score >= 1.500
313,9ac453d32f4af8ba,2025-10-18 19:01:01,19,2025-10,kpp,user_003,так просто выебите его бабу втроем,0,,random,0.0,34,6,0,0,0,0,0.0,auto_rules: bad_words or risk_score >= 1.500
314,9bdead4ccebea80f,2024-10-23 00:31:14,0,2024-10,kpp,user_001,нет,0,,random,0.0,3,1,0,0,0,0,0.0,auto_rules: bad_words or risk_score >= 1.500
315,c914964d0610a46f,2024-06-06 15:15:46,15,2024-06,kpp,user_001,Я попросил его город в честь меня назвать,0,,random,0.0882,41,8,0,0,0,0,0.0294,auto_rules: bad_words or risk_score >= 1.500
316,72c0df79205df5fa,2024-06-07 13:49:40,13,2024-06,kpp,user_004,Гомо,0,,risk_candidate,0.75,4,1,0,0,0,0,0.25,auto_rules: bad_words or risk_score >= 1.500
317,51e6f134cd7e8848,2024-05-14 12:03:03,12,2024-05,kpp,user_003,Там все честные степени,0,,random,0.15,23,4,0,0,0,0,0.05,auto_rules: bad_words or risk_score >= 1.500
318,3a5fc4ff263f3d3b,2024-04-30 20:23:00,20,2024-04,kpp,user_004,Легенда,0,,risk_candidate,0.4286,7,1,0,0,0,0,0.1429,auto_rules: bad_words or risk_score >= 1.500
319,5c96839e495dbcf2,2025-04-21 01:45:19,1,2025-04,kpp,user_004,И это,0,,risk_candidate,0.75,5,2,0,0,0,0,0.25,auto_rules: bad_words or risk_score >= 1.500
320,6f9fe280ef925b81,2024-02-05 13:46:47,13,2024-02,kpp,user_004,тебе еще не сказали?,0,,risk_candidate,0.2,20,4,0,0,0,1,0.0,auto_rules: bad_words or risk_score >= 1.500
321,6fb392e1ddd7d16c,2023-12-14 02:19:37,2,2023-12,kpp,user_004,кстати,0,,random,0.0,6,1,0,0,0,0,0.0,auto_rules: bad_words or risk_score >= 1.500
322,b04c9604aa4c3016,2024-06-22 22:08:30,22,2024-06,kpp,user_003,Была,0,,risk_candidate,0.75,4,1,0,0,0,0,0.25,auto_rules: bad_words or risk_score >= 1.500
323,65bc68aa76a8c003,2026-04-17 09:50:58,9,2026-04,kpp,user_001,В конце,0,,risk_candidate,0.5,7,2,0,0,0,0,0.1667,auto_rules: bad_words or risk_score >= 1.500
324,eaa3ea2c94d12803,2026-01-17 22:31:56,22,2026-01,kpp,user_004,Ебать ты дерево,1,auto: bad word / hostile word,risk_candidate,3.2308,15,3,1,0,0,0,0.0769,auto_rules: bad_words or risk_score >= 1.500
325,6768bf305ba34492,2024-10-05 18:39:54,18,2024-10,kpp,user_002,меня бабка попросила уступить,0,,random,0.0,29,4,0,0,0,0,0.0,auto_rules: bad_words or risk_score >= 1.500
326,faa9ec8cf0f22fae,2025-05-26 11:54:58,11,2025-05,kpp,user_001,Или только письмо,0,,risk_candidate,0.2,17,3,0,0,0,0,0.0667,auto_rules: bad_words or risk_score >= 1.500
327,c1b965dd4d14ae76,2024-02-25 21:39:18,21,2024-02,kpp,user_001,Ты предал нашу идеологию: сдавать всё в последний день,0,,risk_candidate,0.0667,54,9,0,0,0,0,0.0222,auto_rules: bad_words or risk_score >= 1.500
328,f68e7e16ef40929d,2025-06-09 22:57:20,22,2025-06,kpp,user_004,А второе это выпуклый+ положительно однородный,0,,random,0.075,46,6,0,0,0,0,0.025,auto_rules: bad_words or risk_score >= 1.500
329,6b36abf0dd143c76,2024-10-24 21:19:43,21,2024-10,kpp,user_004,Скам,0,,risk_candidate,0.75,4,1,0,0,0,0,0.25,auto_rules: bad_words or risk_score >= 1.500
330,6d4697b8ffad4c79,2024-06-06 23:22:43,23,2024-06,kpp,user_001,Повезло повезло,0,,random,0.2143,15,2,0,0,0,0,0.0714,auto_rules: bad_words or risk_score >= 1.500
331,6ee6132d331ff29a,2024-10-25 15:11:21,15,2024-10,kpp,user_003,Арсений,0,,risk_candidate,0.4286,7,1,0,0,0,0,0.1429,auto_rules: bad_words or risk_score >= 1.500
332,21a3576b75ec51d3,2026-02-12 21:09:24,21,2026-02,ls,user_002,у меня кстати такая хуйня есть,1,auto: bad word / hostile word,risk_candidate,3.0,30,6,1,0,0,0,0.0,auto_rules: bad_words or risk_score >= 1.500
333,b3a00c3083f9b206,2024-08-29 17:54:30,17,2024-08,kpp,user_002,то малафья хуярит,1,auto: bad word / hostile word,random,3.0,17,3,1,0,0,0,0.0,auto_rules: bad_words or risk_score >= 1.500
334,6db5be21b2c6e697,2024-02-22 12:42:55,12,2024-02,kpp,user_003,Лучший,0,,risk_candidate,0.5,6,1,0,0,0,0,0.1667,auto_rules: bad_words or risk_score >= 1.500
335,d3a0cab6c61f072b,2024-06-26 16:56:08,16,2024-06,kpp,user_001,',0,,random,0.0,1,0,0,0,0,0,0.0,auto_rules: bad_words or risk_score >= 1.500
336,ff0d3571a97b25d3,2025-03-27 13:36:38,13,2025-03,kpp,user_003,Шлю,0,,risk_candidate,1.0,3,1,0,0,0,0,0.3333,auto_rules: bad_words or risk_score >= 1.500
337,6be6e676176adae5,2025-10-01 18:22:49,18,2025-10,kpp,user_002,представляете да как она ебет,0,,random,0.0,29,5,0,0,0,0,0.0,auto_rules: bad_words or risk_score >= 1.500
338,237aba2547905911,2024-12-27 00:20:45,0,2024-12,kpp,user_003,А нет,0,,risk_candidate,0.75,5,2,0,0,0,0,0.25,auto_rules: bad_words or risk_score >= 1.500
339,d59fb757ce0867c4,2024-10-27 00:28:24,0,2024-10,kpp,user_003,Я другого мнения как раз,0,,risk_candidate,0.15,24,5,0,0,0,0,0.05,auto_rules: bad_words or risk_score >= 1.500
340,4dcbd425284a08e4,2025-09-10 11:43:49,11,2025-09,kpp,user_002,бля тебе просто надо сойти с ума,1,auto: bad word / hostile word,risk_candidate,3.0,32,7,1,0,0,0,0.0,auto_rules: bad_words or risk_score >= 1.500
341,bc7488584f363ef0,2025-12-13 11:53:14,11,2025-12,kpp,user_001,А щас что?,0,,risk_candidate,0.6286,10,3,0,0,0,1,0.1429,auto_rules: bad_words or risk_score >= 1.500
342,1d35a48f9805fe36,2025-01-12 20:33:21,20,2025-01,kpp,user_004,не,0,,random,0.0,2,1,0,0,0,0,0.0,auto_rules: bad_words or risk_score >= 1.500
343,cf85338cbff88415,2025-05-16 00:23:02,0,2025-05,kpp,user_004,Ты чувствуешь бро,0,,random,0.2,17,3,0,0,0,0,0.0667,auto_rules: bad_words or risk_score >= 1.500
344,349aa13a54cec5cd,2024-12-26 23:26:00,23,2024-12,kpp,user_002,их не существует,0,,random,0.0,16,3,0,0,0,0,0.0,auto_rules: bad_words or risk_score >= 1.500
345,a412663f8f9e3521,2024-07-24 19:03:40,19,2024-07,kpp,user_001,Да,1,auto: risk_score >= 1.500,risk_candidate,1.5,2,1,0,0,0,0,0.5,auto_rules: bad_words or risk_score >= 1.500
346,78ff3c97ced86026,2026-01-18 16:10:21,16,2026-01,kpp,user_003,Бля,1,auto: bad word / hostile word,risk_candidate,4.0,3,1,1,0,0,0,0.3333,auto_rules: bad_words or risk_score >= 1.500
347,7671ecb690684d7a,2026-01-28 11:25:06,11,2026-01,kpp,user_001,заебали бля,1,auto: bad word / hostile word,risk_candidate,3.0,11,2,1,0,0,0,0.0,auto_rules: bad_words or risk_score >= 1.500
348,604624ba18196fe9,2024-08-03 11:58:17,11,2024-08,kpp,user_002,ебать,1,auto: bad word / hostile word,random,3.0,5,1,1,0,0,0,0.0,auto_rules: bad_words or risk_score >= 1.500
349,c1416f150efa90ab,2024-06-25 15:46:40,15,2024-06,kpp,user_001,бля,1,auto: bad word / hostile word,risk_candidate,3.0,3,1,1,0,0,0,0.0,auto_rules: bad_words or risk_score >= 1.500
350,513a5f41dcc6d7ea,2024-01-09 14:44:56,14,2024-01,kpp,user_003,Я бля хуею,1,auto: bad word / hostile word,risk_candidate,6.375,10,3,2,0,0,0,0.125,auto_rules: bad_words or risk_score >= 1.500
351,3ba8dc016605c2ea,2025-07-31 23:49:15,23,2025-07,kpp,user_004,Подпали,0,,risk_candidate,0.4286,7,1,0,0,0,0,0.1429,auto_rules: bad_words or risk_score >= 1.500
352,754ddc33f67c12b0,2025-05-26 12:53:04,12,2025-05,kpp,user_003,Все,0,,risk_candidate,1.0,3,1,0,0,0,0,0.3333,auto_rules: bad_words or risk_score >= 1.500
353,2db8172d453b8937,2025-09-16 20:11:22,20,2025-09,kpp,user_003,ты мог нам написать об этом,0,,random,0.0,27,6,0,0,0,0,0.0,auto_rules: bad_words or risk_score >= 1.500
354,256902a85839d915,2025-03-03 00:40:06,0,2025-03,kpp,user_001,Какого хуя,1,auto: bad word / hostile word,risk_candidate,3.3333,10,2,1,0,0,0,0.1111,auto_rules: bad_words or risk_score >= 1.500
355,0a57e9b84ed96781,2025-03-26 20:30:57,20,2025-03,kpp,user_001,арс,0,,random,0.0,3,1,0,0,0,0,0.0,auto_rules: bad_words or risk_score >= 1.500
356,475078816d491c16,2025-12-04 11:16:07,11,2025-12,kpp,user_001,Да хуй бы ты забил,1,auto: bad word / hostile word,risk_candidate,3.2143,18,5,1,0,0,0,0.0714,auto_rules: bad_words or risk_score >= 1.500
357,3135a451e80d01c1,2025-12-08 13:57:29,13,2025-12,kpp,user_002,"Как сделали «Бобика» и выиграли хакатон 🏆 Пришли к вам с новой историей! Спросили Валерию Кущенко, специалиста в продвинутой аналитике рисков, как её команда сделала финансового ассистента и заняла 1 место на хакатоне от Райффайзена и Changellenge. На карточках рассказываем, как создавался проект, как подходили к данным, что помогло выиграть соревнование и почему решение оказалось лучшим 🔼 А если остались вопросы, задавайте их в комментариях 🤝 #aaa_hardposting #aaa_experts",0,,risk_candidate,0.4765,477,65,0,0,1,0,0.0255,auto_rules: bad_words or risk_score >= 1.500
358,c1f82a5571deb718,2024-03-24 13:02:24,13,2024-03,kpp,user_004,Он всем на паре сказал,0,,risk_candidate,0.1667,22,5,0,0,0,0,0.0556,auto_rules: bad_words or risk_score >= 1.500
359,44ecef08f8d11c90,2024-12-03 18:00:22,18,2024-12,kpp,user_004,Кто,0,,risk_candidate,1.0,3,1,0,0,0,0,0.3333,auto_rules: bad_words or risk_score >= 1.500
360,7f1d993569566d53,2025-01-22 16:30:46,16,2025-01,kpp,user_002,гандон блять дерганый этот максим,1,auto: bad word / hostile word,random,6.0,33,5,2,0,0,0,0.0,auto_rules: bad_words or risk_score >= 1.500
361,86c738e0a912036d,2024-11-07 23:50:16,23,2024-11,kpp,user_001,Да,1,auto: risk_score >= 1.500,risk_candidate,1.5,2,1,0,0,0,0,0.5,auto_rules: bad_words or risk_score >= 1.500
362,6157b7b168ed07a8,2024-05-06 22:33:41,22,2024-05,kpp,user_002,за то что он добоеб,0,,random,0.0,19,5,0,0,0,0,0.0,auto_rules: bad_words or risk_score >= 1.500
363,cff800d6fef1bab7,2025-12-04 18:29:39,18,2025-12,ls,user_002,ой бляяяяяя,1,auto: bad word / hostile word,random,3.0,11,2,1,0,0,0,0.0,auto_rules: bad_words or risk_score >= 1.500
364,e939c98b1bb0041d,2025-04-14 14:46:07,14,2025-04,kpp,user_004,То автомат,0,,random,0.3333,10,2,0,0,0,0,0.1111,auto_rules: bad_words or risk_score >= 1.500
365,6b873cc425d08f05,2025-01-05 18:42:58,18,2025-01,kpp,user_003,"Ну я хочу себя привести в форму, чтобы можно было к норм телочкам подкатывать и имел шансы, или даже чтобы они западали, а я игнорил их",0,,random,0.028,135,26,0,0,0,0,0.0093,auto_rules: bad_words or risk_score >= 1.500
366,95d1caa9c7207cea,2024-11-18 21:38:19,21,2024-11,kpp,user_003,<URL>,1,auto: risk_score >= 1.500,risk_candidate,2.0,5,1,0,0,0,0,1.0,auto_rules: bad_words or risk_score >= 1.500
367,2b4ef8c8d8a2f2ed,2025-12-06 00:20:41,0,2025-12,kpp,user_004,Ну просто приболел,0,,risk_candidate,0.1875,18,3,0,0,0,0,0.0625,auto_rules: bad_words or risk_score >= 1.500
368,69b07cf9132d4f8b,2024-09-09 22:20:48,22,2024-09,kpp,user_001,Чтоб не забывали кто тут откуда,0,,risk_candidate,0.1154,31,6,0,0,0,0,0.0385,auto_rules: bad_words or risk_score >= 1.500
369,11b3dbc97f064628,2025-03-15 14:25:28,14,2025-03,kpp,user_004,сси,0,,random,0.0,3,1,0,0,0,0,0.0,auto_rules: bad_words or risk_score >= 1.500
370,a456f1ffcb231794,2024-11-12 23:58:30,23,2024-11,kpp,user_002,так мне и не пишут,0,,random,0.0,18,5,0,0,0,0,0.0,auto_rules: bad_words or risk_score >= 1.500
371,9c38ee12e78c7065,2024-11-08 15:19:32,15,2024-11,kpp,user_004,У тебя конференци,0,,random,0.2,17,3,0,0,0,0,0.0667,auto_rules: bad_words or risk_score >= 1.500
372,b6450f46daea489f,2025-06-09 22:42:29,22,2025-06,kpp,user_002,ебать меня пиздошит парни,1,auto: bad word / hostile word,random,6.0,25,4,2,0,0,0,0.0,auto_rules: bad_words or risk_score >= 1.500
373,89dcb691570d3c55,2024-04-10 18:35:31,18,2024-04,kpp,user_003,И?,1,auto: risk_score >= 1.500,risk_candidate,2.2,2,1,0,0,0,1,1.0,auto_rules: bad_words or risk_score >= 1.500
374,bcc1415fa6b3c716,2026-03-07 00:54:46,0,2026-03,kpp,user_001,<MENTION>,1,auto: risk_score >= 1.500,random,2.8,9,1,0,0,0,0,1.0,auto_rules: bad_words or risk_score >= 1.500
375,73d1f1b1cd243d94,2025-10-26 18:35:15,18,2025-10,kpp,user_001,А тебя даша не ебёт за такие лайки?,0,,random,0.3111,35,8,0,0,0,1,0.037,auto_rules: bad_words or risk_score >= 1.500
376,d1553938430b161b,2024-08-20 00:11:10,0,2024-08,kpp,user_003,Всем У,0,,risk_candidate,1.2,6,2,0,0,0,0,0.4,auto_rules: bad_words or risk_score >= 1.500
377,58fc1054ee7c99c4,2024-09-07 09:23:14,9,2024-09,kpp,user_002,идешь налево,0,,random,0.0,12,2,0,0,0,0,0.0,auto_rules: bad_words or risk_score >= 1.500
378,5774d845f675d3e9,2023-11-07 22:05:54,22,2023-11,kpp,user_001,Покажи как,0,,risk_candidate,0.3333,10,2,0,0,0,0,0.1111,auto_rules: bad_words or risk_score >= 1.500
379,2c9a5e844887ca25,2025-05-18 19:30:05,19,2025-05,kpp,user_001,Че блять,1,auto: bad word / hostile word,risk_candidate,3.4286,8,2,1,0,0,0,0.1429,auto_rules: bad_words or risk_score >= 1.500
380,31c861ce7eb5a402,2025-04-01 00:20:23,0,2025-04,kpp,user_002,чтобы лишнего не подумали,0,,random,0.0,25,4,0,0,0,0,0.0,auto_rules: bad_words or risk_score >= 1.500
381,f2fecdbef78c89d1,2025-05-04 14:20:32,14,2025-05,kpp,user_004,Кстати,0,,risk_candidate,0.5,6,1,0,0,0,0,0.1667,auto_rules: bad_words or risk_score >= 1.500
382,4bd6c3ceedf51b5e,2024-06-27 20:24:02,20,2024-06,kpp,user_002,на гит закоммитить?,0,,random,0.2,19,3,0,0,0,1,0.0,auto_rules: bad_words or risk_score >= 1.500
383,a9f19409ab99f939,2025-05-18 14:05:59,14,2025-05,kpp,user_004,"Где мы сказали, что тебя ненавидим",0,,random,0.1071,34,6,0,0,0,0,0.0357,auto_rules: bad_words or risk_score >= 1.500
384,8294a8f7b2e3485f,2024-11-24 23:21:01,23,2024-11,kpp,user_001,НЕТ!,1,auto: risk_score >= 1.500,risk_candidate,2.4,4,1,0,0,1,0,1.0,auto_rules: bad_words or risk_score >= 1.500
385,0af8a4db26f1e647,2026-04-12 01:07:41,1,2026-04,kpp,user_001,Игнат,0,,random,0.6,5,1,0,0,0,0,0.2,auto_rules: bad_words or risk_score >= 1.500
386,d7ec50228ab8d816,2025-06-03 17:26:13,17,2025-06,kpp,user_001,"Лан, попиздишил я билеты писать",0,,risk_candidate,0.1154,31,5,0,0,0,0,0.0385,auto_rules: bad_words or risk_score >= 1.500
387,16c81903f31812cc,2023-12-08 21:05:26,21,2023-12,kpp,user_004,И не хочет заканчивать,0,,random,0.1579,22,4,0,0,0,0,0.0526,auto_rules: bad_words or risk_score >= 1.500
388,2863cc1181dbfb9d,2025-05-04 00:21:39,0,2025-05,kpp,user_002,да бля нахуй она еще и аву сменила,1,auto: bad word / hostile word,risk_candidate,3.0,34,8,1,0,0,0,0.0,auto_rules: bad_words or risk_score >= 1.500
389,12c37b2980c30a5b,2025-03-05 00:20:09,0,2025-03,kpp,user_001,Нет,0,,risk_candidate,1.0,3,1,0,0,0,0,0.3333,auto_rules: bad_words or risk_score >= 1.500
390,79f17d9595bdb9b3,2024-12-23 16:34:39,16,2024-12,kpp,user_004,Сори,0,,random,0.75,4,1,0,0,0,0,0.25,auto_rules: bad_words or risk_score >= 1.500
391,d41375a7641214cc,2026-03-09 23:55:09,23,2026-03,kpp,user_004,ебать,1,auto: bad word / hostile word,risk_candidate,3.0,5,1,1,0,0,0,0.0,auto_rules: bad_words or risk_score >= 1.500
392,ec4bd0484ef7ea7b,2025-08-08 16:38:01,16,2025-08,kpp,user_003,Тут телочка,0,,random,0.3,11,2,0,0,0,0,0.1,auto_rules: bad_words or risk_score >= 1.500
393,46f44ff242f77c08,2024-09-23 11:15:59,11,2024-09,kpp,user_004,Я назвал 60 к,0,,random,0.375,13,4,0,0,0,0,0.125,auto_rules: bad_words or risk_score >= 1.500
394,db044bcdd662b595,2025-12-23 01:48:08,1,2025-12,kpp,user_002,я в таких же рассекать пространство буду,0,,random,0.0,40,7,0,0,0,0,0.0,auto_rules: bad_words or risk_score >= 1.500
395,b42edd0e48df4f87,2024-09-15 00:34:43,0,2024-09,kpp,user_001,Я 100% вероятность на эту фамилию поставлю,0,,risk_candidate,0.0938,42,7,0,0,0,0,0.0312,auto_rules: bad_words or risk_score >= 1.500
396,c2d3740d97b3d706,2024-06-12 21:50:53,21,2024-06,kpp,user_001,Бля,1,auto: bad word / hostile word,random,4.0,3,1,1,0,0,0,0.3333,auto_rules: bad_words or risk_score >= 1.500
397,b5b1e74ec6b2312b,2024-01-13 00:46:33,0,2024-01,kpp,user_002,ну ладно,0,,random,0.0,8,2,0,0,0,0,0.0,auto_rules: bad_words or risk_score >= 1.500
398,2398022d1578c4bb,2023-10-22 18:20:46,18,2023-10,kpp,user_002,оставлю свой ебнутый генератор,0,,random,0.0,30,4,0,0,0,0,0.0,auto_rules: bad_words or risk_score >= 1.500
399,f093ebe6007c0e02,2025-01-24 23:43:20,23,2025-01,kpp,user_001,В смысле блять,1,auto: bad word / hostile word,risk_candidate,3.25,14,3,1,0,0,0,0.0833,auto_rules: bad_words or risk_score >= 1.500
400,11e7d85d6d9783b0,2026-01-14 21:09:39,21,2026-01,kpp,user_003,Глеб,0,,random,0.75,4,1,0,0,0,0,0.25,auto_rules: bad_words or risk_score >= 1.500
401,1eda26a4e6d9dfd1,2024-01-23 20:15:10,20,2024-01,kpp,user_001,Пиздец,1,auto: bad word / hostile word,risk_candidate,3.5,6,1,1,0,0,0,0.1667,auto_rules: bad_words or risk_score >= 1.500
402,8625984eed34d87e,2024-03-26 22:28:49,22,2024-03,kpp,user_004,Ааа,0,,risk_candidate,1.0,3,1,0,0,0,0,0.3333,auto_rules: bad_words or risk_score >= 1.500
403,771a7d8dbfe428dd,2024-08-22 15:03:04,15,2024-08,kpp,user_002,нет,0,,random,0.0,3,1,0,0,0,0,0.0,auto_rules: bad_words or risk_score >= 1.500
404,eb67f3c969ea9989,2024-10-11 22:28:12,22,2024-10,kpp,user_001,Но я ебал в такой жаре находиться,1,auto: bad word / hostile word,risk_candidate,3.1111,33,7,1,0,0,0,0.037,auto_rules: bad_words or risk_score >= 1.500
405,551eb4fd188e9249,2025-05-27 01:12:54,1,2025-05,kpp,user_004,Но она стрем,0,,random,0.3,12,3,0,0,0,0,0.1,auto_rules: bad_words or risk_score >= 1.500
406,6eb0e43fa2d50e1e,2025-08-30 20:04:19,20,2025-08,kpp,user_001,Я не готов,0,,risk_candidate,0.375,10,3,0,0,0,0,0.125,auto_rules: bad_words or risk_score >= 1.500
407,7617662c9704cf78,2025-12-13 11:24:14,11,2025-12,kpp,user_004,тоже верно,0,,random,0.0,10,2,0,0,0,0,0.0,auto_rules: bad_words or risk_score >= 1.500
408,369966024e30e877,2023-12-14 17:42:13,17,2023-12,kpp,user_004,Ахахахах,0,,random,0.375,8,1,0,0,0,0,0.125,auto_rules: bad_words or risk_score >= 1.500
409,85f211267b962e8b,2025-03-14 22:11:04,22,2025-03,kpp,user_004,Давайте по номерам тогда,0,,random,0.1429,24,4,0,0,0,0,0.0476,auto_rules: bad_words or risk_score >= 1.500
410,ce6daf374cc023f2,2024-04-20 20:59:14,20,2024-04,kpp,user_004,иди бухааат,0,,random,0.0,11,2,0,0,0,0,0.0,auto_rules: bad_words or risk_score >= 1.500
411,e14259d43b278a00,2024-04-23 22:06:52,22,2024-04,kpp,user_001,Приятного,0,,random,0.3333,9,1,0,0,0,0,0.1111,auto_rules: bad_words or risk_score >= 1.500
412,0f8b5629771a188f,2024-11-22 11:02:33,11,2024-11,kpp,user_004,У нас нихуя не готово,0,,random,0.1765,21,5,0,0,0,0,0.0588,auto_rules: bad_words or risk_score >= 1.500
413,0f56e7d4d91cd11e,2024-03-08 20:10:21,20,2024-03,kpp,user_003,А какая разница,0,,risk_candidate,0.2308,15,3,0,0,0,0,0.0769,auto_rules: bad_words or risk_score >= 1.500
414,56a4e51723f30c56,2025-10-07 22:02:15,22,2025-10,kpp,user_001,В этом и главная загвоздка,0,,risk_candidate,0.1364,26,5,0,0,0,0,0.0455,auto_rules: bad_words or risk_score >= 1.500
415,1ee1da37f3dbd9bf,2025-12-01 10:31:15,10,2025-12,kpp,user_003,Больше 2 вдохов и смерть,0,,risk_candidate,0.1579,24,5,0,0,0,0,0.0526,auto_rules: bad_words or risk_score >= 1.500
416,88e7e81ade0cea1d,2025-05-18 17:47:36,17,2025-05,kpp,user_002,а как ты делал скрин данных?,0,,random,0.2,28,6,0,0,0,1,0.0,auto_rules: bad_words or risk_score >= 1.500
417,b282a6129af29c26,2025-01-22 02:57:23,2,2025-01,kpp,user_001,Почему у нас не может быть мирно,0,,risk_candidate,0.1154,32,7,0,0,0,0,0.0385,auto_rules: bad_words or risk_score >= 1.500
418,62a6640e197a52d7,2025-01-14 12:52:52,12,2025-01,kpp,user_001,Как он мог такое на экзамене спросить,0,,risk_candidate,0.0968,37,7,0,0,0,0,0.0323,auto_rules: bad_words or risk_score >= 1.500
419,690561ca5c50a076,2024-11-17 16:49:20,16,2024-11,kpp,user_001,Потому что тестовый прибор сгнил нахуй от старости,0,,random,0.0698,50,8,0,0,0,0,0.0233,auto_rules: bad_words or risk_score >= 1.500
420,c4ee470a22b71a3f,2024-10-10 16:40:32,16,2024-10,kpp,user_002,бля я ноут врубил,1,auto: bad word / hostile word,random,3.0,17,4,1,0,0,0,0.0,auto_rules: bad_words or risk_score >= 1.500
421,8072840957a5b645,2024-09-16 00:28:53,0,2024-09,kpp,user_004,пиздец ты тип,1,auto: bad word / hostile word,risk_candidate,3.0,13,3,1,0,0,0,0.0,auto_rules: bad_words or risk_score >= 1.500
422,c5a5c50253301516,2025-05-02 20:01:43,20,2025-05,kpp,user_001,Гарантия,0,,random,0.375,8,1,0,0,0,0,0.125,auto_rules: bad_words or risk_score >= 1.500
423,9da6fe87ce8515d5,2024-11-05 20:40:30,20,2024-11,kpp,user_004,Зеро,0,,random,0.75,4,1,0,0,0,0,0.25,auto_rules: bad_words or risk_score >= 1.500
424,76063b8eddbf94d9,2026-01-26 23:35:28,23,2026-01,kpp,user_001,Это которую он ебал?,1,auto: bad word / hostile word,random,3.3875,20,4,1,0,0,1,0.0625,auto_rules: bad_words or risk_score >= 1.500
425,e57ee784b6a287e5,2024-03-21 00:53:44,0,2024-03,kpp,user_001,"Бля, я задумался",1,auto: bad word / hostile word,risk_candidate,3.2308,16,3,1,0,0,0,0.0769,auto_rules: bad_words or risk_score >= 1.500
426,cea88a8107c95199,2025-07-14 16:54:50,16,2025-07,kpp,user_001,Заебись тема,0,,risk_candidate,0.2727,12,2,0,0,0,0,0.0909,auto_rules: bad_words or risk_score >= 1.500
427,bf9fec6763563eb7,2024-11-19 19:28:39,19,2024-11,kpp,user_002,ну я думал что все вообще не так будет,0,,random,0.0,38,9,0,0,0,0,0.0,auto_rules: bad_words or risk_score >= 1.500
428,c6c39ae9f8bfc8cf,2025-09-03 20:34:42,20,2025-09,kpp,user_004,Работают,0,,risk_candidate,0.375,8,1,0,0,0,0,0.125,auto_rules: bad_words or risk_score >= 1.500
429,36a6530c525fc522,2025-06-21 22:52:26,22,2025-06,kpp,user_004,Ну я могу своего дать,0,,risk_candidate,0.1765,21,5,0,0,0,0,0.0588,auto_rules: bad_words or risk_score >= 1.500
430,78fca52fde7a7bfb,2026-03-11 21:18:14,21,2026-03,kpp,user_001,Последний из арсенян,0,,random,0.1667,20,3,0,0,0,0,0.0556,auto_rules: bad_words or risk_score >= 1.500
431,772398898117c832,2025-01-14 20:57:46,20,2025-01,kpp,user_004,Результат,0,,random,0.3333,9,1,0,0,0,0,0.1111,auto_rules: bad_words or risk_score >= 1.500
432,0cfa12b9c39aa093,2024-12-16 22:42:33,22,2024-12,kpp,user_002,хуй пойми кто это,1,auto: bad word / hostile word,risk_candidate,3.0,17,4,1,0,0,0,0.0,auto_rules: bad_words or risk_score >= 1.500
433,e8414f1ffad0e72b,2025-03-18 16:07:52,16,2025-03,kpp,user_004,А что там,0,,risk_candidate,0.4286,9,3,0,0,0,0,0.1429,auto_rules: bad_words or risk_score >= 1.500
434,79f2ab83fdbdc453,2024-08-28 00:51:37,0,2024-08,kpp,user_002,из игры,0,,random,0.0,7,2,0,0,0,0,0.0,auto_rules: bad_words or risk_score >= 1.500
435,b2c07c7dfc8f604a,2023-11-30 21:52:04,21,2023-11,kpp,user_003,Я напился,0,,random,0.375,9,2,0,0,0,0,0.125,auto_rules: bad_words or risk_score >= 1.500
436,422013d7039bdede,2025-01-08 20:00:56,20,2025-01,kpp,user_001,Пришли к выводу что это всё же не рисунок,0,,risk_candidate,0.0909,41,9,0,0,0,0,0.0303,auto_rules: bad_words or risk_score >= 1.500
437,35ded8b47b85f6d9,2024-09-19 23:45:26,23,2024-09,kpp,user_003,у телки в Гите нет такого,0,,risk_candidate,0.15,25,6,0,0,0,0,0.05,auto_rules: bad_words or risk_score >= 1.500
438,acd6aa39475245ee,2025-04-25 20:52:34,20,2025-04,kpp,user_004,поэтому сделай пж,0,,random,0.0,17,3,0,0,0,0,0.0,auto_rules: bad_words or risk_score >= 1.500
439,d01ad5e2bb4d0f30,2025-06-21 18:38:28,18,2025-06,kpp,user_004,Yeah,0,,risk_candidate,0.75,4,1,0,0,0,0,0.25,auto_rules: bad_words or risk_score >= 1.500
440,fcd857fe19b1c82c,2025-04-21 02:19:46,2,2025-04,kpp,user_004,Тебе же было хорошо,0,,risk_candidate,0.1875,19,4,0,0,0,0,0.0625,auto_rules: bad_words or risk_score >= 1.500
441,2f965285bb084cb1,2025-08-24 19:38:14,19,2025-08,kpp,user_004,Еще раз,0,,risk_candidate,0.5,7,2,0,0,0,0,0.1667,auto_rules: bad_words or risk_score >= 1.500
442,a4e7bcaafea9d47c,2025-03-26 16:22:03,16,2025-03,kpp,user_004,ты где блять,1,auto: bad word / hostile word,risk_candidate,3.0,12,3,1,0,0,0,0.0,auto_rules: bad_words or risk_score >= 1.500
443,06fcd7cfd59cd361,2025-04-14 16:30:09,16,2025-04,kpp,user_002,че мне татьяне ответить?,0,,risk_candidate,0.2,24,4,0,0,0,1,0.0,auto_rules: bad_words or risk_score >= 1.500
444,e37089cb578991fa,2025-12-13 13:48:13,13,2025-12,kpp,user_004,Зарегай бля,1,auto: bad word / hostile word,risk_candidate,3.3,11,2,1,0,0,0,0.1,auto_rules: bad_words or risk_score >= 1.500
445,26503d02bdb0a8d2,2025-07-14 21:25:54,21,2025-07,kpp,user_003,Бекенд,0,,risk_candidate,0.5,6,1,0,0,0,0,0.1667,auto_rules: bad_words or risk_score >= 1.500
446,759baeb6e277720c,2025-04-22 15:45:19,15,2025-04,kpp,user_001,А нахуя,0,,risk_candidate,0.5,7,2,0,0,0,0,0.1667,auto_rules: bad_words or risk_score >= 1.500
447,622fdfc3693a36d5,2025-04-02 16:45:16,16,2025-04,kpp,user_002,не,0,,random,0.0,2,1,0,0,0,0,0.0,auto_rules: bad_words or risk_score >= 1.500
448,96efd056e91e2176,2025-12-19 22:25:11,22,2025-12,kpp,user_001,Я вставил,0,,risk_candidate,0.375,9,2,0,0,0,0,0.125,auto_rules: bad_words or risk_score >= 1.500
449,1628184dad71f889,2024-02-08 22:38:25,22,2024-02,kpp,user_004,Почему,0,,random,0.5,6,1,0,0,0,0,0.1667,auto_rules: bad_words or risk_score >= 1.500
450,a68cb3006c95946a,2024-09-12 23:43:21,23,2024-09,kpp,user_001,Ваня звони,0,,random,0.3333,10,2,0,0,0,0,0.1111,auto_rules: bad_words or risk_score >= 1.500
451,6bfc1518b6d9c3a0,2025-04-06 17:23:47,17,2025-04,kpp,user_001,у нас багов до жопы,0,,random,0.0,19,5,0,0,0,0,0.0,auto_rules: bad_words or risk_score >= 1.500
452,8304adfb724b6829,2024-12-31 23:00:42,23,2024-12,kpp,user_003,Зацените,0,,random,0.375,8,1,0,0,0,0,0.125,auto_rules: bad_words or risk_score >= 1.500
453,a9b2d39852125d6c,2024-01-18 19:53:10,19,2024-01,kpp,user_004,Не знаю,0,,risk_candidate,0.5,7,2,0,0,0,0,0.1667,auto_rules: bad_words or risk_score >= 1.500
454,93ee06881b00f3ab,2025-10-02 22:25:51,22,2025-10,kpp,user_003,бляя,1,auto: bad word / hostile word,risk_candidate,3.0,4,1,1,0,0,0,0.0,auto_rules: bad_words or risk_score >= 1.500
455,9899c14c7b0960a7,2024-12-05 11:05:55,11,2024-12,kpp,user_004,спроси пж,0,,random,0.0,9,2,0,0,0,0,0.0,auto_rules: bad_words or risk_score >= 1.500
456,cc05353fd34738a2,2024-12-26 00:20:17,0,2024-12,kpp,user_004,Все знания в голове должны быть,0,,random,0.1154,31,6,0,0,0,0,0.0385,auto_rules: bad_words or risk_score >= 1.500
457,99483cf6971ba5aa,2025-03-23 14:44:01,14,2025-03,kpp,user_003,а что сделать надо,0,,random,0.0,18,4,0,0,0,0,0.0,auto_rules: bad_words or risk_score >= 1.500
458,f6876762abdd34f8,2024-12-24 21:27:28,21,2024-12,kpp,user_004,Руки ноги,0,,risk_candidate,0.375,9,2,0,0,0,0,0.125,auto_rules: bad_words or risk_score >= 1.500
459,344778d8a528a154,2024-06-04 19:25:08,19,2024-06,kpp,user_001,Ну задания могут быть похожие,0,,risk_candidate,0.12,29,5,0,0,0,0,0.04,auto_rules: bad_words or risk_score >= 1.500
460,e3a4ecf23902f6ba,2025-09-11 15:25:50,15,2025-09,kpp,user_002,хуйня это полная,1,auto: bad word / hostile word,risk_candidate,3.0,16,3,1,0,0,0,0.0,auto_rules: bad_words or risk_score >= 1.500
461,65ba4dca2b2f8cfa,2024-03-11 17:00:54,17,2024-03,kpp,user_001,Нам нужно чтобы цикл проходил хотя бы раз,0,,risk_candidate,0.0882,41,8,0,0,0,0,0.0294,auto_rules: bad_words or risk_score >= 1.500
462,ef67f04e15bc2ce4,2026-04-25 09:26:33,9,2026-04,kpp,user_004,Минут 20 мб,0,,risk_candidate,0.4286,11,3,0,0,0,0,0.1429,auto_rules: bad_words or risk_score >= 1.500
463,5cd8796d58bfeaf8,2026-04-29 15:11:07,15,2026-04,kpp,user_004,ты не разобрался?,0,,risk_candidate,0.2,17,3,0,0,0,1,0.0,auto_rules: bad_words or risk_score >= 1.500
464,7d3de228c711c89a,2026-03-10 09:19:31,9,2026-03,kpp,user_001,Мудак,1,auto: bad word / hostile word,risk_candidate,3.6,5,1,1,0,0,0,0.2,auto_rules: bad_words or risk_score >= 1.500
465,2e39751d7ddb81df,2025-01-17 23:10:05,23,2025-01,kpp,user_004,Какой,0,,risk_candidate,0.6,5,1,0,0,0,0,0.2,auto_rules: bad_words or risk_score >= 1.500
466,dcffea04b7115269,2024-12-08 19:04:23,19,2024-12,kpp,user_002,бля я в себя только пришел,1,auto: bad word / hostile word,risk_candidate,3.0,26,6,1,0,0,0,0.0,auto_rules: bad_words or risk_score >= 1.500
467,4096c39177f8eb05,2025-12-04 15:21:00,15,2025-12,kpp,user_002,блять я серьезно,1,auto: bad word / hostile word,risk_candidate,3.0,16,3,1,0,0,0,0.0,auto_rules: bad_words or risk_score >= 1.500
468,8cdfc7f9fd3bdc89,2024-09-25 00:36:16,0,2024-09,kpp,user_001,Тут ты указываешь как проект должен собираться,0,,risk_candidate,0.075,46,7,0,0,0,0,0.025,auto_rules: bad_words or risk_score >= 1.500
469,3bdcca6adc373b8c,2024-06-06 20:01:02,20,2024-06,kpp,user_004,И поеду,0,,random,0.5,7,2,0,0,0,0,0.1667,auto_rules: bad_words or risk_score >= 1.500
470,d3175cd0553223e8,2024-01-02 22:13:48,22,2024-01,kpp,user_002,ненавижу,1,auto: bad word / hostile word,risk_candidate,2.0,8,1,0,1,0,0,0.0,auto_rules: bad_words or risk_score >= 1.500
471,a91574a35f1050f7,2025-02-13 20:49:54,20,2025-02,kpp,user_002,бля,1,auto: bad word / hostile word,random,3.0,3,1,1,0,0,0,0.0,auto_rules: bad_words or risk_score >= 1.500
472,2d3e5dfd929d85eb,2025-06-08 01:12:51,1,2025-06,kpp,user_004,Бля,1,auto: bad word / hostile word,risk_candidate,4.0,3,1,1,0,0,0,0.3333,auto_rules: bad_words or risk_score >= 1.500
473,80c7c5b99ba9ee6a,2024-11-21 20:23:44,20,2024-11,kpp,user_001,это я так,0,,random,0.0,9,3,0,0,0,0,0.0,auto_rules: bad_words or risk_score >= 1.500
474,bc29027de8d7e8a7,2025-04-18 17:55:24,17,2025-04,kpp,user_004,бля,1,auto: bad word / hostile word,random,3.0,3,1,1,0,0,0,0.0,auto_rules: bad_words or risk_score >= 1.500
475,aba167d34ce6241f,2025-05-28 17:42:59,17,2025-05,kpp,user_002,изначально,0,,random,0.0,10,1,0,0,0,0,0.0,auto_rules: bad_words or risk_score >= 1.500
476,27231b37363880e5,2025-03-03 00:18:29,0,2025-03,kpp,user_001,"Бля, похуй на эрудированность",1,auto: bad word / hostile word,risk_candidate,3.12,29,4,1,0,0,0,0.04,auto_rules: bad_words or risk_score >= 1.500
477,e85b8d569a059717,2024-10-04 01:57:08,1,2024-10,kpp,user_002,ща уберу его нахуй,0,,random,0.0,18,4,0,0,0,0,0.0,auto_rules: bad_words or risk_score >= 1.500
478,28cac6ab4eb4c02e,2025-06-14 14:05:25,14,2025-06,kpp,user_004,Это я был,0,,risk_candidate,0.4286,9,3,0,0,0,0,0.1429,auto_rules: bad_words or risk_score >= 1.500
479,e3871da59ca75c12,2025-04-26 15:13:13,15,2025-04,kpp,user_002,хуй знает,1,auto: bad word / hostile word,random,3.0,9,2,1,0,0,0,0.0,auto_rules: bad_words or risk_score >= 1.500
480,06878e7bf6b32c6a,2024-09-23 16:37:47,16,2024-09,kpp,user_004,Ваня,0,,random,0.75,4,1,0,0,0,0,0.25,auto_rules: bad_words or risk_score >= 1.500
481,1adaef5dca76b9db,2025-11-23 01:57:11,1,2025-11,kpp,user_002,а тебя бусько перед перваками попросил?,0,,risk_candidate,0.2,39,6,0,0,0,1,0.0,auto_rules: bad_words or risk_score >= 1.500
482,8eb1912354f6bf1b,2025-02-09 21:50:46,21,2025-02,kpp,user_004,Да,1,auto: risk_score >= 1.500,risk_candidate,1.5,2,1,0,0,0,0,0.5,auto_rules: bad_words or risk_score >= 1.500
483,04cc65e74e2f9c33,2024-05-04 01:32:15,1,2024-05,kpp,user_002,или больше уже,0,,random,0.0,14,3,0,0,0,0,0.0,auto_rules: bad_words or risk_score >= 1.500
484,78e5b520cf92e560,2024-01-05 17:33:11,17,2024-01,kpp,user_001,Схуяли,0,,random,0.5,6,1,0,0,0,0,0.1667,auto_rules: bad_words or risk_score >= 1.500
485,fb2a5c6503b899ee,2025-01-22 03:12:49,3,2025-01,kpp,user_001,Ну лучше наверное не может,0,,risk_candidate,0.1364,26,5,0,0,0,0,0.0455,auto_rules: bad_words or risk_score >= 1.500
486,a3c16b0dd83f32f8,2024-11-08 14:43:53,14,2024-11,kpp,user_004,Круто,0,,risk_candidate,0.6,5,1,0,0,0,0,0.2,auto_rules: bad_words or risk_score >= 1.500
487,deca4ab07a7a7447,2025-04-03 20:35:48,20,2025-04,kpp,user_002,пашла нах,0,,random,0.0,9,2,0,0,0,0,0.0,auto_rules: bad_words or risk_score >= 1.500
488,c23660ee5b87b45f,2025-04-07 14:33:56,14,2025-04,kpp,user_002,круглый такой,0,,random,0.0,13,2,0,0,0,0,0.0,auto_rules: bad_words or risk_score >= 1.500
489,518602c8acc0ede8,2026-03-12 23:37:56,23,2026-03,kpp,user_004,Это не миска,0,,risk_candidate,0.3,12,3,0,0,0,0,0.1,auto_rules: bad_words or risk_score >= 1.500
490,0da831d5bd2479d6,2025-04-03 21:26:27,21,2025-04,kpp,user_002,бля а че с названием,1,auto: bad word / hostile word,risk_candidate,3.0,20,5,1,0,0,0,0.0,auto_rules: bad_words or risk_score >= 1.500
491,cb41c34e9694075d,2025-04-09 21:09:45,21,2025-04,kpp,user_002,любая,0,,random,0.0,5,1,0,0,0,0,0.0,auto_rules: bad_words or risk_score >= 1.500
492,e176b0607d31fd5c,2023-12-16 18:17:30,18,2023-12,kpp,user_003,Вот такое она в жизни не даст,0,,random,0.1304,29,7,0,0,0,0,0.0435,auto_rules: bad_words or risk_score >= 1.500
493,7b9e712ff2cc3483,2024-10-20 22:56:36,22,2024-10,kpp,user_001,я бы сделал динамические шаблоны,0,,random,0.0,32,5,0,0,0,0,0.0,auto_rules: bad_words or risk_score >= 1.500
494,8e5f0cd06f580b8a,2025-12-30 16:05:58,16,2025-12,kpp,user_004,Чел,0,,random,1.0,3,1,0,0,0,0,0.3333,auto_rules: bad_words or risk_score >= 1.500
495,ff7fce64ff121abb,2025-04-08 00:37:35,0,2025-04,kpp,user_004,Окей,0,,random,0.75,4,1,0,0,0,0,0.25,auto_rules: bad_words or risk_score >= 1.500
496,92765e0ad87ff124,2024-02-29 01:16:10,1,2024-02,kpp,user_004,А в 2405,1,auto: risk_score >= 1.500,risk_candidate,1.5,8,3,0,0,0,0,0.5,auto_rules: bad_words or risk_score >= 1.500
497,e6b5acb284eb423d,2026-04-10 21:24:42,21,2026-04,kpp,user_003,?,0,,random,0.2,1,0,0,0,0,1,0.0,auto_rules: bad_words or risk_score >= 1.500
498,d761a0521feded3a,2025-10-22 21:00:08,21,2025-10,kpp,user_001,Я проскипал диалог,0,,risk_candidate,0.1875,18,3,0,0,0,0,0.0625,auto_rules: bad_words or risk_score >= 1.500
499,dd7dc64b6dc4d0df,2025-06-08 00:42:27,0,2025-06,kpp,user_003,Сука воды горячей нет,1,auto: bad word / hostile word,risk_candidate,3.1667,21,4,1,0,0,0,0.0556,auto_rules: bad_words or risk_score >= 1.500
500,8e71f7a5644cce29,2025-05-19 14:34:12,14,2025-05,kpp,user_004,Сводил детей в аквапарк,0,,random,0.15,23,4,0,0,0,0,0.05,auto_rules: bad_words or risk_score >= 1.500
501,1da67ee17e4e5102,2024-11-08 14:59:50,14,2024-11,kpp,user_001,Я вот Гончаровой 0 заданий сдал,0,,risk_candidate,0.24,31,6,0,0,0,0,0.08,auto_rules: bad_words or risk_score >= 1.500
502,ef580c448db638b8,2023-12-12 23:47:03,23,2023-12,kpp,user_002,вам бы не на репетиторов деньги тратить,0,,random,0.0,39,7,0,0,0,0,0.0,auto_rules: bad_words or risk_score >= 1.500
503,5b8f049ebb648a70,2025-09-19 21:41:20,21,2025-09,kpp,user_001,Так то я хз как бросать,0,,risk_candidate,0.1667,23,6,0,0,0,0,0.0556,auto_rules: bad_words or risk_score >= 1.500
504,def9047541f49388,2026-01-13 17:53:58,17,2026-01,kpp,user_004,Это пизда полная,1,auto: bad word / hostile word,random,3.2143,16,3,1,0,0,0,0.0714,auto_rules: bad_words or risk_score >= 1.500
505,5e2382631f715ea8,2025-05-24 22:38:48,22,2025-05,kpp,user_002,в батле,0,,random,0.0,7,2,0,0,0,0,0.0,auto_rules: bad_words or risk_score >= 1.500
506,bcccb964aee42df1,2025-09-04 18:11:58,18,2025-09,kpp,user_004,Бляяяяя,1,auto: bad word / hostile word,random,3.4286,7,1,1,0,0,0,0.1429,auto_rules: bad_words or risk_score >= 1.500
507,a1bacbf660eed695,2024-10-27 01:53:38,1,2024-10,kpp,user_004,Дом - рокенролл Хата/студия - весь мир,0,,random,0.2069,38,6,0,0,0,0,0.069,auto_rules: bad_words or risk_score >= 1.500
508,be924d5fd959946d,2025-04-02 09:57:03,9,2025-04,kpp,user_002,бля старый,1,auto: bad word / hostile word,random,3.0,10,2,1,0,0,0,0.0,auto_rules: bad_words or risk_score >= 1.500
509,7d1a09d5edb07d8e,2023-10-02 19:12:51,19,2023-10,kpp,user_002,веришь?,0,,risk_candidate,0.2,7,1,0,0,0,1,0.0,auto_rules: bad_words or risk_score >= 1.500
510,77f3cd29bda414c2,2025-05-28 00:54:09,0,2025-05,kpp,user_001,Хуй ты тогда игры найдёшь,1,auto: bad word / hostile word,random,3.1429,25,5,1,0,0,0,0.0476,auto_rules: bad_words or risk_score >= 1.500
511,0eb667e3e429709a,2025-11-12 10:54:23,10,2025-11,kpp,user_002,после налога,0,,random,0.0,12,2,0,0,0,0,0.0,auto_rules: bad_words or risk_score >= 1.500
512,66103419964ba9b9,2026-02-18 23:12:04,23,2026-02,kpp,user_001,с пивом,0,,random,0.0,7,2,0,0,0,0,0.0,auto_rules: bad_words or risk_score >= 1.500
513,36cf2495a83bca7d,2026-03-21 17:03:40,17,2026-03,kpp,user_001,Да чувак,0,,random,0.4286,8,2,0,0,0,0,0.1429,auto_rules: bad_words or risk_score >= 1.500
514,a83f5dff36f3be45,2024-11-12 20:08:52,20,2024-11,kpp,user_004,Ну я ему скинул,0,,random,0.25,15,4,0,0,0,0,0.0833,auto_rules: bad_words or risk_score >= 1.500
515,dd6299adb320fc64,2025-01-22 02:37:32,2,2025-01,kpp,user_001,Секс куклы,0,,risk_candidate,0.3333,10,2,0,0,0,0,0.1111,auto_rules: bad_words or risk_score >= 1.500
516,c2fce61f3ec52cb9,2025-09-25 15:20:40,15,2025-09,kpp,user_001,Не не,0,,random,0.75,5,2,0,0,0,0,0.25,auto_rules: bad_words or risk_score >= 1.500
517,9e2ed0fb16ab3bdb,2025-12-23 15:54:58,15,2025-12,kpp,user_001,Сука,1,auto: bad word / hostile word,risk_candidate,3.75,4,1,1,0,0,0,0.25,auto_rules: bad_words or risk_score >= 1.500
518,62c7809076266e1c,2024-08-24 18:25:10,18,2024-08,kpp,user_003,Не,1,auto: risk_score >= 1.500,random,1.5,2,1,0,0,0,0,0.5,auto_rules: bad_words or risk_score >= 1.500
519,cdde44053d25f886,2024-01-15 22:30:28,22,2024-01,kpp,user_001,Хахахпха,0,,risk_candidate,0.375,8,1,0,0,0,0,0.125,auto_rules: bad_words or risk_score >= 1.500
520,494e90fb06f451d9,2024-10-24 20:59:54,20,2024-10,kpp,user_004,Ты пидорас,0,,risk_candidate,0.3333,10,2,0,0,0,0,0.1111,auto_rules: bad_words or risk_score >= 1.500
521,4df22d24d96635ef,2024-11-26 00:23:47,0,2024-11,kpp,user_004,Так мы первые в списке,0,,risk_candidate,0.1667,22,5,0,0,0,0,0.0556,auto_rules: bad_words or risk_score >= 1.500
522,84e249b9c54699be,2024-12-05 14:18:17,14,2024-12,kpp,user_001,Что-то продаем мы,0,,random,0.2143,17,4,0,0,0,0,0.0714,auto_rules: bad_words or risk_score >= 1.500
523,db564c310dc1b23f,2024-10-03 20:21:42,20,2024-10,kpp,user_003,<URL>,1,auto: risk_score >= 1.500,risk_candidate,2.0,5,1,0,0,0,0,1.0,auto_rules: bad_words or risk_score >= 1.500
524,3500cfc3c37da6a6,2025-01-21 21:06:06,21,2025-01,kpp,user_001,4 : 2 = 2,0,,random,0.0,9,3,0,0,0,0,0.0,auto_rules: bad_words or risk_score >= 1.500
525,1e9d6a5597c4c1c3,2025-04-02 20:06:35,20,2025-04,kpp,user_002,а,0,,random,0.0,1,1,0,0,0,0,0.0,auto_rules: bad_words or risk_score >= 1.500
526,7037444b6bf21915,2024-09-11 01:14:43,1,2024-09,kpp,user_004,Арс а ты завтра не проспишь?,0,,risk_candidate,0.3364,28,6,0,0,0,1,0.0455,auto_rules: bad_words or risk_score >= 1.500
527,121f670edef28dff,2025-05-21 10:26:42,10,2025-05,kpp,user_004,Подьем бля,1,auto: bad word / hostile word,random,3.3333,10,2,1,0,0,0,0.1111,auto_rules: bad_words or risk_score >= 1.500
528,5e6d0e3380a6eff8,2025-04-08 17:09:11,17,2025-04,kpp,user_002,ну меня тоже,0,,random,0.0,12,3,0,0,0,0,0.0,auto_rules: bad_words or risk_score >= 1.500
529,afbbcfba8cc2afdd,2025-05-27 01:16:09,1,2025-05,kpp,user_002,"у нас 4,5",0,,random,0.0,9,4,0,0,0,0,0.0,auto_rules: bad_words or risk_score >= 1.500
530,e267aa1782926383,2025-10-29 17:26:34,17,2025-10,kpp,user_001,Когда ваще недостатков не видишь,0,,random,0.1071,32,5,0,0,0,0,0.0357,auto_rules: bad_words or risk_score >= 1.500
531,083e1a56e92c115c,2025-08-31 01:45:52,1,2025-08,kpp,user_002,ладно у меня смена кончилась,0,,random,0.0,28,5,0,0,0,0,0.0,auto_rules: bad_words or risk_score >= 1.500
532,6502d6b8854b7390,2024-04-06 10:17:29,10,2024-04,kpp,user_003,Место есть?,0,,risk_candidate,0.5333,11,2,0,0,0,1,0.1111,auto_rules: bad_words or risk_score >= 1.500
533,d66bc76b8bfcc334,2024-01-09 01:43:07,1,2024-01,kpp,user_004,Лично для меня,0,,risk_candidate,0.25,14,3,0,0,0,0,0.0833,auto_rules: bad_words or risk_score >= 1.500
534,08c8a22150509a7e,2025-09-26 16:59:23,16,2025-09,kpp,user_004,твоя жопа в опасности,0,,random,0.0,21,4,0,0,0,0,0.0,auto_rules: bad_words or risk_score >= 1.500
535,703e78aded77366c,2024-10-08 19:31:59,19,2024-10,kpp,user_004,Жахааххахаха,0,,risk_candidate,0.25,12,1,0,0,0,0,0.0833,auto_rules: bad_words or risk_score >= 1.500
536,fdd73db61cc056b7,2024-06-04 19:54:48,19,2024-06,kpp,user_001,Ты за матан шаришь,0,,risk_candidate,0.2,18,4,0,0,0,0,0.0667,auto_rules: bad_words or risk_score >= 1.500
537,62393a1009eaf7a3,2026-03-15 15:57:07,15,2026-03,kpp,user_004,Блять,1,auto: bad word / hostile word,random,3.6,5,1,1,0,0,0,0.2,auto_rules: bad_words or risk_score >= 1.500
538,f3281f833776a41c,2025-04-22 23:09:22,23,2025-04,kpp,user_001,Надо узнать че у них там,0,,random,0.1579,24,6,0,0,0,0,0.0526,auto_rules: bad_words or risk_score >= 1.500
539,4b566412ccff93ed,2023-12-19 14:30:12,14,2023-12,kpp,user_002,кайф,0,,random,0.0,4,1,0,0,0,0,0.0,auto_rules: bad_words or risk_score >= 1.500
540,dd33b2c9a0e2f069,2023-12-22 18:27:29,18,2023-12,kpp,user_004,че за пизжа,0,,random,0.0,11,3,0,0,0,0,0.0,auto_rules: bad_words or risk_score >= 1.500
541,7cba91fe0d6df84b,2025-09-23 10:42:56,10,2025-09,kpp,user_004,Считай,0,,random,0.5,6,1,0,0,0,0,0.1667,auto_rules: bad_words or risk_score >= 1.500
542,484cd845ce285bae,2026-03-08 13:41:56,13,2026-03,kpp,user_001,Скинуть ей только что побритые яйца?,0,,risk_candidate,0.3,36,6,0,0,0,1,0.0333,auto_rules: bad_words or risk_score >= 1.500
543,53ae9fbc6958de3c,2026-01-12 20:49:31,20,2026-01,kpp,user_001,Извини,0,,risk_candidate,0.5,6,1,0,0,0,0,0.1667,auto_rules: bad_words or risk_score >= 1.500
544,137a4c388c3bee5a,2024-10-23 10:20:37,10,2024-10,kpp,user_001,Суки,0,,risk_candidate,0.75,4,1,0,0,0,0,0.25,auto_rules: bad_words or risk_score >= 1.500
545,c060825bcde9a633,2026-03-31 19:32:59,19,2026-03,kpp,user_004,Не видел,0,,risk_candidate,0.4286,8,2,0,0,0,0,0.1429,auto_rules: bad_words or risk_score >= 1.500
546,3954cb987c7f280a,2024-05-14 23:25:39,23,2024-05,kpp,user_002,завтра давайте решим,0,,random,0.0,20,3,0,0,0,0,0.0,auto_rules: bad_words or risk_score >= 1.500
547,c64e54a6026fafc5,2025-12-08 17:10:41,17,2025-12,kpp,user_002,заханть меня к себе,0,,random,0.0,19,4,0,0,0,0,0.0,auto_rules: bad_words or risk_score >= 1.500
548,c61b65a2e886cce7,2025-04-22 14:54:40,14,2025-04,kpp,user_004,а там есть секретки?,0,,risk_candidate,0.2,20,4,0,0,0,1,0.0,auto_rules: bad_words or risk_score >= 1.500
549,645a6175b7d1940c,2025-06-04 12:34:36,12,2025-06,kpp,user_002,<URL>,1,auto: risk_score >= 1.500,risk_candidate,2.0,5,1,0,0,0,0,1.0,auto_rules: bad_words or risk_score >= 1.500
550,6861144f2a6865c7,2024-02-20 20:41:05,20,2024-02,kpp,user_004,Подобрать,0,,risk_candidate,0.3333,9,1,0,0,0,0,0.1111,auto_rules: bad_words or risk_score >= 1.500
551,e0a03a5ed4eda450,2024-01-09 14:30:12,14,2024-01,kpp,user_004,Дурачок,0,,risk_candidate,0.4286,7,1,0,0,0,0,0.1429,auto_rules: bad_words or risk_score >= 1.500
552,3afc5092cf11f9a7,2024-08-19 20:56:24,20,2024-08,kpp,user_001,Из-за дефки?,0,,risk_candidate,0.5333,12,3,0,0,0,1,0.1111,auto_rules: bad_words or risk_score >= 1.500
553,b93217d923cc282e,2026-04-12 18:10:38,18,2026-04,kpp,user_001,Картон,0,,risk_candidate,0.5,6,1,0,0,0,0,0.1667,auto_rules: bad_words or risk_score >= 1.500
554,80bb9aa6d5446a57,2026-04-29 11:44:46,11,2026-04,kpp,user_002,насос есть?,0,,random,0.2,11,2,0,0,0,1,0.0,auto_rules: bad_words or risk_score >= 1.500
555,bfa4cde8467f8493,2025-06-07 00:00:42,0,2025-06,kpp,user_001,Ахахахах,0,,risk_candidate,0.375,8,1,0,0,0,0,0.125,auto_rules: bad_words or risk_score >= 1.500
556,689d6b8195a6783a,2025-06-28 20:49:25,20,2025-06,kpp,user_001,<MENTION>,1,auto: risk_score >= 1.500,risk_candidate,2.8,9,1,0,0,0,0,1.0,auto_rules: bad_words or risk_score >= 1.500
557,72c20e606a2130c9,2024-09-14 14:38:59,14,2024-09,kpp,user_001,Россия единственная северная цивилизация,0,,random,0.0811,40,4,0,0,0,0,0.027,auto_rules: bad_words or risk_score >= 1.500
558,9827e9b56165a0d0,2024-09-25 23:19:36,23,2024-09,kpp,user_004,что за хуйня,1,auto: bad word / hostile word,risk_candidate,3.0,12,3,1,0,0,0,0.0,auto_rules: bad_words or risk_score >= 1.500
559,7f8600029cfdbbfe,2024-12-06 09:58:58,9,2024-12,kpp,user_002,ты проверял?,0,,risk_candidate,0.2,12,2,0,0,0,1,0.0,auto_rules: bad_words or risk_score >= 1.500
560,e6b4f7c94adc5b97,2024-06-28 20:16:18,20,2024-06,kpp,user_002,это тот который в прошлый раз,0,,random,0.0,29,6,0,0,0,0,0.0,auto_rules: bad_words or risk_score >= 1.500
561,846e4da2fa11644d,2024-09-08 15:47:46,15,2024-09,kpp,user_001,Тебе моча в голову дала?,0,,risk_candidate,0.3579,24,5,0,0,0,1,0.0526,auto_rules: bad_words or risk_score >= 1.500
562,43c285c6e87d677f,2024-10-16 23:48:53,23,2024-10,kpp,user_004,С,1,auto: risk_score >= 1.500,random,2.0,1,1,0,0,0,0,1.0,auto_rules: bad_words or risk_score >= 1.500
563,b19317424c6b3a84,2024-12-06 17:30:35,17,2024-12,kpp,user_003,и с уника,0,,random,0.0,9,3,0,0,0,0,0.0,auto_rules: bad_words or risk_score >= 1.500
564,2ec7113d0f091c30,2025-12-14 18:49:06,18,2025-12,kpp,user_003,Без нее самой,0,,random,0.2727,13,3,0,0,0,0,0.0909,auto_rules: bad_words or risk_score >= 1.500
565,d54135cd86bf5d1b,2025-10-01 15:59:47,15,2025-10,kpp,user_001,Хахаха,0,,risk_candidate,0.5,6,1,0,0,0,0,0.1667,auto_rules: bad_words or risk_score >= 1.500
566,76ff7bb011dd88c1,2025-02-08 01:37:54,1,2025-02,kpp,user_002,глеб,0,,random,0.0,4,1,0,0,0,0,0.0,auto_rules: bad_words or risk_score >= 1.500
567,f1868b7dfbfe2888,2025-03-19 11:34:56,11,2025-03,kpp,user_002,в пдф конвертни,0,,random,0.0,15,3,0,0,0,0,0.0,auto_rules: bad_words or risk_score >= 1.500
568,e23945cc20fc6efa,2025-06-11 23:35:25,23,2025-06,kpp,user_004,«Кто спрыгнул?»,0,,risk_candidate,0.4727,15,2,0,0,0,1,0.0909,auto_rules: bad_words or risk_score >= 1.500
569,947e74317aeeac7f,2025-01-10 01:35:40,1,2025-01,kpp,user_002,это прикольно,0,,random,0.0,13,2,0,0,0,0,0.0,auto_rules: bad_words or risk_score >= 1.500
570,bcb1f0a92826e88b,2025-12-23 09:52:13,9,2025-12,kpp,user_004,Я потерял,0,,risk_candidate,0.375,9,2,0,0,0,0,0.125,auto_rules: bad_words or risk_score >= 1.500
571,affd8285277e2501,2026-01-22 13:08:10,13,2026-01,kpp,user_001,Но ток не больше чем на сумму скида,0,,risk_candidate,0.1071,35,8,0,0,0,0,0.0357,auto_rules: bad_words or risk_score >= 1.500
572,72bad4c36a72f0c1,2024-12-01 22:46:36,22,2024-12,kpp,user_003,Ало блять,1,auto: bad word / hostile word,random,3.375,9,2,1,0,0,0,0.125,auto_rules: bad_words or risk_score >= 1.500
573,e396407e1cf22ba6,2023-12-16 16:44:20,16,2023-12,kpp,user_001,"Гнида она тогда, хуже негра",0,,random,0.1364,27,5,0,0,0,0,0.0455,auto_rules: bad_words or risk_score >= 1.500
574,27e81f9f4d064ca9,2025-05-13 20:18:15,20,2025-05,kpp,user_002,глеб,0,,random,0.0,4,1,0,0,0,0,0.0,auto_rules: bad_words or risk_score >= 1.500
575,48ee3382b8ff48ec,2023-11-13 00:24:29,0,2023-11,kpp,user_002,с 0,0,,random,0.0,3,2,0,0,0,0,0.0,auto_rules: bad_words or risk_score >= 1.500
576,f59133127bc25e24,2025-03-22 00:59:21,0,2025-03,kpp,user_004,это пизда,1,auto: bad word / hostile word,risk_candidate,3.0,9,2,1,0,0,0,0.0,auto_rules: bad_words or risk_score >= 1.500
577,e47ee1dd1a9ee74e,2024-01-18 22:27:08,22,2024-01,kpp,user_001,Ебать,1,auto: bad word / hostile word,risk_candidate,3.6,5,1,1,0,0,0,0.2,auto_rules: bad_words or risk_score >= 1.500
578,5a6d946b8b042763,2025-08-02 17:50:41,17,2025-08,kpp,user_004,"С чего ты взял, что это счастье",0,,risk_candidate,0.125,31,7,0,0,0,0,0.0417,auto_rules: bad_words or risk_score >= 1.500
579,14b64512100af112,2025-06-07 20:54:47,20,2025-06,kpp,user_002,с такими весело,0,,random,0.0,15,3,0,0,0,0,0.0,auto_rules: bad_words or risk_score >= 1.500
580,54959b45c39c8b26,2025-02-27 13:42:31,13,2025-02,kpp,user_002,я глебу,0,,random,0.0,7,2,0,0,0,0,0.0,auto_rules: bad_words or risk_score >= 1.500
581,97bced40dd976289,2026-02-12 22:06:40,22,2026-02,kpp,user_002,ну и апишка,0,,random,0.0,11,3,0,0,0,0,0.0,auto_rules: bad_words or risk_score >= 1.500
582,a3512adecd93c8ea,2025-05-28 01:05:02,1,2025-05,kpp,user_001,Провода ещё в стене переебашить,0,,risk_candidate,0.1111,31,5,0,0,0,0,0.037,auto_rules: bad_words or risk_score >= 1.500
583,b302ba3878b3d87b,2025-05-15 16:51:07,16,2025-05,kpp,user_001,хпахпап,0,,random,0.0,7,1,0,0,0,0,0.0,auto_rules: bad_words or risk_score >= 1.500
584,57c3d720717b9f0e,2025-04-01 15:23:16,15,2025-04,kpp,user_004,Нет,0,,risk_candidate,1.0,3,1,0,0,0,0,0.3333,auto_rules: bad_words or risk_score >= 1.500
585,c745929df19bd207,2024-06-15 00:36:52,0,2024-06,kpp,user_001,Старый бля,1,auto: bad word / hostile word,risk_candidate,3.3333,10,2,1,0,0,0,0.1111,auto_rules: bad_words or risk_score >= 1.500
586,fa8822ac1cfa75e4,2025-12-21 01:52:35,1,2025-12,kpp,user_004,так там нельзя скачивать фотки разом,0,,random,0.0,36,6,0,0,0,0,0.0,auto_rules: bad_words or risk_score >= 1.500
587,e3ca74568f385ac0,2024-10-15 17:39:39,17,2024-10,kpp,user_001,Я сдал блять,1,auto: bad word / hostile word,random,3.3,12,3,1,0,0,0,0.1,auto_rules: bad_words or risk_score >= 1.500
588,fd1f439a3da0f4d3,2024-04-03 16:49:26,16,2024-04,kpp,user_002,у вас во дворах есть парковки?,0,,risk_candidate,0.2,30,6,0,0,0,1,0.0,auto_rules: bad_words or risk_score >= 1.500
589,65f621c07a48e84c,2025-03-30 18:04:33,18,2025-03,kpp,user_002,это из за того что я ритм сломал тем что звуки переключаю или что,0,,random,0.0,65,14,0,0,0,0,0.0,auto_rules: bad_words or risk_score >= 1.500
590,801e6056f56edd00,2025-03-17 22:04:13,22,2025-03,kpp,user_002,ща под диму билана домой еду,0,,random,0.0,28,6,0,0,0,0,0.0,auto_rules: bad_words or risk_score >= 1.500
591,25da2179aae4dacb,2023-12-29 20:39:49,20,2023-12,kpp,user_004,"Всем привет! Мы помогаем вам с решением ваших домашних заданий и не только. Мы специализируемся на алгебре, геометрии, матанализе, программировании ( Java, с/c++, c#,pascal, python) Также помогаем с excel и word. Цена договорная. По всем вопросам пишите <MENTION>",0,,random,1.4029,263,39,0,0,1,0,0.0676,auto_rules: bad_words or risk_score >= 1.500
592,691a8962edbf6a1f,2025-12-16 18:39:20,18,2025-12,kpp,user_001,Ну по сути он прав,0,,risk_candidate,0.2143,18,5,0,0,0,0,0.0714,auto_rules: bad_words or risk_score >= 1.500
593,3e29d8328d2b096d,2024-11-08 09:43:30,9,2024-11,kpp,user_001,Да,1,auto: risk_score >= 1.500,risk_candidate,1.5,2,1,0,0,0,0,0.5,auto_rules: bad_words or risk_score >= 1.500
594,4965014e2326d36f,2023-11-12 19:48:10,19,2023-11,kpp,user_001,Её же нельзя часто делать,0,,random,0.1429,25,5,0,0,0,0,0.0476,auto_rules: bad_words or risk_score >= 1.500
595,99878c1577c0f7be,2024-12-24 14:12:23,14,2024-12,kpp,user_001,Сучки,0,,risk_candidate,0.6,5,1,0,0,0,0,0.2,auto_rules: bad_words or risk_score >= 1.500
596,c040d1a5391adfe8,2025-06-09 16:15:16,16,2025-06,kpp,user_001,"Ну кидай, хули",0,,random,0.2727,14,3,0,0,0,0,0.0909,auto_rules: bad_words or risk_score >= 1.500
597,d7e9680731f70980,2025-09-16 17:22:12,17,2025-09,kpp,user_002,<MENTION> <MENTION> <MENTION>,1,auto: risk_score >= 1.500,risk_candidate,4.4,29,3,0,0,0,0,1.0,auto_rules: bad_words or risk_score >= 1.500
598,c26ed552e9076868,2025-12-22 14:20:26,14,2025-12,kpp,user_001,Руководителя обсирают моего,0,,risk_candidate,0.12,27,3,0,0,0,0,0.04,auto_rules: bad_words or risk_score >= 1.500
599,169a3f79a945fd8f,2025-08-01 00:23:04,0,2025-08,kpp,user_003,"Я не хочу с ней встр, но трахнуть можно",0,,random,0.1,39,9,0,0,0,0,0.0333,auto_rules: bad_words or risk_score >= 1.500
600,8af3c8e2eba7b566,2026-01-09 23:46:05,23,2026-01,kpp,user_004,А че у тебя,0,,risk_candidate,0.375,11,4,0,0,0,0,0.125,auto_rules: bad_words or risk_score >= 1.500
601,716eff1d3d067b95,2024-10-04 13:51:21,13,2024-10,kpp,user_003,А то так не интересно,0,,risk_candidate,0.1765,21,5,0,0,0,0,0.0588,auto_rules: bad_words or risk_score >= 1.500
602,831f93feac9aa316,2025-11-17 22:19:07,22,2025-11,kpp,user_004,Ну так,0,,risk_candidate,0.6,6,2,0,0,0,0,0.2,auto_rules: bad_words or risk_score >= 1.500
603,d4a068c6b2f5e3c1,2024-05-12 23:24:40,23,2024-05,kpp,user_003,Как у вас дела ?,0,,risk_candidate,0.4727,16,4,0,0,0,1,0.0909,auto_rules: bad_words or risk_score >= 1.500
604,844d60d452133d2c,2024-10-05 22:12:29,22,2024-10,kpp,user_003,Глеб,0,,risk_candidate,0.75,4,1,0,0,0,0,0.25,auto_rules: bad_words or risk_score >= 1.500
605,795ece5cb810e3d6,2024-06-25 20:55:23,20,2024-06,kpp,user_001,Вообще ничего не стоит твоих нервов,0,,random,0.1,35,6,0,0,0,0,0.0333,auto_rules: bad_words or risk_score >= 1.500
606,ec127ef6c8b66445,2025-01-22 10:53:09,10,2025-01,kpp,user_004,"Доп. вопросы: формула Грина, формула Стокса, формула Остроградского, формула сведения двойного к повторному.",0,,risk_candidate,0.1333,108,13,0,0,0,0,0.0444,auto_rules: bad_words or risk_score >= 1.500
607,7e2cf799bf63d104,2024-04-10 16:29:37,16,2024-04,kpp,user_002,нет?,0,,random,0.2,4,1,0,0,0,1,0.0,auto_rules: bad_words or risk_score >= 1.500
608,021145eb4bc4252a,2025-12-16 22:35:52,22,2025-12,kpp,user_001,Бля,1,auto: bad word / hostile word,risk_candidate,4.0,3,1,1,0,0,0,0.3333,auto_rules: bad_words or risk_score >= 1.500
609,91b1321db9e38896,2025-05-09 20:56:38,20,2025-05,kpp,user_001,Клуб анонимных мегадрочил,0,,risk_candidate,0.1304,25,3,0,0,0,0,0.0435,auto_rules: bad_words or risk_score >= 1.500
610,600099cfbccc12ca,2025-06-27 01:11:42,1,2025-06,kpp,user_003,Нужно спастись,0,,risk_candidate,0.2308,14,2,0,0,0,0,0.0769,auto_rules: bad_words or risk_score >= 1.500
611,6cc6cbc6037c2ff0,2025-08-13 00:51:19,0,2025-08,kpp,user_001,Как мы,0,,risk_candidate,0.6,6,2,0,0,0,0,0.2,auto_rules: bad_words or risk_score >= 1.500
612,70dd67b2c69f36a7,2024-05-02 19:36:17,19,2024-05,kpp,user_001,Мошенники,0,,random,0.3333,9,1,0,0,0,0,0.1111,auto_rules: bad_words or risk_score >= 1.500
613,cd3be2c3b4cd16d9,2025-03-11 23:03:32,23,2025-03,kpp,user_004,Якубович,0,,risk_candidate,0.375,8,1,0,0,0,0,0.125,auto_rules: bad_words or risk_score >= 1.500
614,58226f5a8b6b40ee,2023-09-25 15:26:28,15,2023-09,kpp,user_002,а почему она,0,,random,0.0,12,3,0,0,0,0,0.0,auto_rules: bad_words or risk_score >= 1.500
615,508a86fd8bd14070,2023-12-11 01:22:06,1,2023-12,kpp,user_002,я пловец епты,0,,random,0.0,13,3,0,0,0,0,0.0,auto_rules: bad_words or risk_score >= 1.500
616,002f4d604f3d82b9,2024-10-14 01:23:42,1,2024-10,kpp,user_001,Вот тут скорее это,0,,random,0.2,18,4,0,0,0,0,0.0667,auto_rules: bad_words or risk_score >= 1.500
617,55c4da8c4feaa83d,2024-06-14 17:39:46,17,2024-06,kpp,user_003,а что там,0,,random,0.0,9,3,0,0,0,0,0.0,auto_rules: bad_words or risk_score >= 1.500
618,4f6030798ebb2b76,2025-05-16 17:37:57,17,2025-05,kpp,user_001,Да,1,auto: risk_score >= 1.500,risk_candidate,1.5,2,1,0,0,0,0,0.5,auto_rules: bad_words or risk_score >= 1.500
619,b61639cc82072c9b,2025-11-04 14:37:40,14,2025-11,kpp,user_001,Пельмени в сливках!,0,,risk_candidate,0.5875,19,3,0,0,1,0,0.0625,auto_rules: bad_words or risk_score >= 1.500
620,3b15b464f93726d9,2025-11-26 17:12:56,17,2025-11,kpp,user_001,Как думаете,0,,random,0.3,11,2,0,0,0,0,0.1,auto_rules: bad_words or risk_score >= 1.500
621,57e017d86616c874,2024-09-30 13:16:56,13,2024-09,kpp,user_003,Как бл,0,,risk_candidate,0.6,6,2,0,0,0,0,0.2,auto_rules: bad_words or risk_score >= 1.500
622,d5b5b6c3365ef637,2025-08-26 21:51:37,21,2025-08,kpp,user_003,Че дальше делать пацаны,0,,risk_candidate,0.15,23,4,0,0,0,0,0.05,auto_rules: bad_words or risk_score >= 1.500
623,fd1124a3f1d8e319,2025-10-18 22:37:10,22,2025-10,kpp,user_003,бля типы,1,auto: bad word / hostile word,risk_candidate,3.0,8,2,1,0,0,0,0.0,auto_rules: bad_words or risk_score >= 1.500
624,a5fad19882004944,2025-12-04 18:18:06,18,2025-12,kpp,user_004,Сосите,0,,random,0.5,6,1,0,0,0,0,0.1667,auto_rules: bad_words or risk_score >= 1.500
625,00b813b129b3a579,2025-06-24 20:25:42,20,2025-06,kpp,user_002,бля,1,auto: bad word / hostile word,random,3.0,3,1,1,0,0,0,0.0,auto_rules: bad_words or risk_score >= 1.500
626,eca55f2f43cc0e20,2024-10-24 21:19:40,21,2024-10,kpp,user_004,На самом деле это скажи,0,,risk_candidate,0.1579,23,5,0,0,0,0,0.0526,auto_rules: bad_words or risk_score >= 1.500
627,52cc450d13170f91,2025-11-23 20:09:39,20,2025-11,kpp,user_002,мразь блядская,1,auto: bad word / hostile word,random,3.0,14,2,1,0,0,0,0.0,auto_rules: bad_words or risk_score >= 1.500
628,6418d70cb9535335,2025-09-13 18:56:35,18,2025-09,kpp,user_001,Честно,0,,random,0.5,6,1,0,0,0,0,0.1667,auto_rules: bad_words or risk_score >= 1.500
629,866223b9475d6f77,2026-03-19 18:00:42,18,2026-03,kpp,user_003,ебашу ?,1,auto: bad word / hostile word,random,3.2,7,1,1,0,0,1,0.0,auto_rules: bad_words or risk_score >= 1.500
630,a24e9629698ae5b1,2025-01-17 16:22:28,16,2025-01,kpp,user_001,Просто определение выучу,0,,random,0.1364,24,3,0,0,0,0,0.0455,auto_rules: bad_words or risk_score >= 1.500
631,22b4210556e5d130,2023-11-17 14:10:31,14,2023-11,kpp,user_002,спасибо,0,,random,0.0,7,1,0,0,0,0,0.0,auto_rules: bad_words or risk_score >= 1.500
632,2ddaef6381cc1bb9,2026-02-17 00:58:51,0,2026-02,kpp,user_004,Блять какие отзывы,1,auto: bad word / hostile word,risk_candidate,3.1875,18,3,1,0,0,0,0.0625,auto_rules: bad_words or risk_score >= 1.500
633,8b7e20b4944e962a,2025-12-28 18:21:34,18,2025-12,kpp,user_002,спасибо,0,,random,0.0,7,1,0,0,0,0,0.0,auto_rules: bad_words or risk_score >= 1.500
634,b8582e30957a524e,2025-03-28 19:54:43,19,2025-03,kpp,user_003,а пон,0,,random,0.0,5,2,0,0,0,0,0.0,auto_rules: bad_words or risk_score >= 1.500
635,07ada2c6baaf781f,2024-10-14 17:03:45,17,2024-10,kpp,user_004,У нас пн выходной теперь,0,,risk_candidate,0.15,24,5,0,0,0,0,0.05,auto_rules: bad_words or risk_score >= 1.500
636,433ef9db741497d6,2024-04-10 19:11:34,19,2024-04,kpp,user_003,Да,1,auto: risk_score >= 1.500,risk_candidate,1.5,2,1,0,0,0,0,0.5,auto_rules: bad_words or risk_score >= 1.500
637,809db6c1e5fd98da,2024-10-11 15:49:40,15,2024-10,kpp,user_001,Мне пожрать хочется,0,,risk_candidate,0.1765,19,3,0,0,0,0,0.0588,auto_rules: bad_words or risk_score >= 1.500
638,ac0a2e9874ba0f79,2024-08-28 19:02:43,19,2024-08,kpp,user_001,Ну или хотя бы список составим,0,,risk_candidate,0.12,30,6,0,0,0,0,0.04,auto_rules: bad_words or risk_score >= 1.500
639,dbb53a1278277f64,2024-05-08 17:00:41,17,2024-05,kpp,user_004,Все доступные варианты кр и ср по алгебре. За информацию спасибо Роману Дацыку!,0,,risk_candidate,0.5846,79,13,0,0,1,0,0.0615,auto_rules: bad_words or risk_score >= 1.500
640,ef020659db6f7c08,2026-02-21 13:41:16,13,2026-02,kpp,user_001,да и заебись,0,,random,0.0,12,3,0,0,0,0,0.0,auto_rules: bad_words or risk_score >= 1.500
641,84f6cddfb214cddf,2025-12-13 00:46:02,0,2025-12,ls,user_003,И иметь каплю уважения,0,,random,0.1579,22,4,0,0,0,0,0.0526,auto_rules: bad_words or risk_score >= 1.500
642,037099a37f6f64f1,2025-03-09 20:35:09,20,2025-03,kpp,user_003,Я не заметил чтобы она на меня посмотрела,0,,risk_candidate,0.0882,41,8,0,0,0,0,0.0294,auto_rules: bad_words or risk_score >= 1.500
643,53a22f93b066be21,2024-02-13 20:53:12,20,2024-02,kpp,user_002,в начале урока,0,,random,0.0,14,3,0,0,0,0,0.0,auto_rules: bad_words or risk_score >= 1.500
644,4a50411284fa71df,2025-04-21 16:43:55,16,2025-04,kpp,user_001,Я бы написал тогда,0,,random,0.2,18,4,0,0,0,0,0.0667,auto_rules: bad_words or risk_score >= 1.500
645,078d9f327b3ab3d3,2025-05-26 12:58:57,12,2025-05,kpp,user_001,Я думаю нормальное сочинение,0,,risk_candidate,0.12,28,4,0,0,0,0,0.04,auto_rules: bad_words or risk_score >= 1.500
646,8004d3ed3934765f,2026-01-19 00:43:52,0,2026-01,kpp,user_002,но не скину,0,,random,0.0,11,3,0,0,0,0,0.0,auto_rules: bad_words or risk_score >= 1.500
647,47b5258334e79704,2024-01-22 16:18:36,16,2024-01,kpp,user_001,Беги,0,,risk_candidate,0.75,4,1,0,0,0,0,0.25,auto_rules: bad_words or risk_score >= 1.500
648,0ab50085183aa71d,2025-08-31 01:34:33,1,2025-08,kpp,user_002,в реальном мире,0,,random,0.0,15,3,0,0,0,0,0.0,auto_rules: bad_words or risk_score >= 1.500
649,eaf14d41a6417a4a,2024-09-27 19:22:48,19,2024-09,kpp,user_001,Не берёт,0,,risk_candidate,0.4286,8,2,0,0,0,0,0.1429,auto_rules: bad_words or risk_score >= 1.500
650,e2ca39f09afe70b6,2026-03-12 22:31:00,22,2026-03,kpp,user_001,Венеричкой😋,0,,random,0.3,11,1,0,0,0,0,0.1,auto_rules: bad_words or risk_score >= 1.500
651,bf153c865bd3ffa2,2025-10-26 19:35:13,19,2025-10,kpp,user_004,Я с жетаниками нини,0,,risk_candidate,0.1875,19,4,0,0,0,0,0.0625,auto_rules: bad_words or risk_score >= 1.500
652,0b1121d4c09a81cc,2024-04-23 18:33:07,18,2024-04,kpp,user_001,Ахуенная идея,0,,risk_candidate,0.25,13,2,0,0,0,0,0.0833,auto_rules: bad_words or risk_score >= 1.500
653,a14c87c0671775c8,2025-07-15 17:02:35,17,2025-07,kpp,user_002,потому что на дистанции невозможно,0,,random,0.0,34,5,0,0,0,0,0.0,auto_rules: bad_words or risk_score >= 1.500
654,2d02918417d32012,2026-03-27 18:49:45,18,2026-03,kpp,user_001,Осадили тебя,0,,random,0.2727,12,2,0,0,0,0,0.0909,auto_rules: bad_words or risk_score >= 1.500
655,0452b3150ee2f42b,2024-10-16 22:04:51,22,2024-10,kpp,user_004,А епта,0,,random,0.6,6,2,0,0,0,0,0.2,auto_rules: bad_words or risk_score >= 1.500
656,981e0b23ac9f4152,2024-08-24 01:34:05,1,2024-08,kpp,user_004,Нах,0,,risk_candidate,1.0,3,1,0,0,0,0,0.3333,auto_rules: bad_words or risk_score >= 1.500
657,7af65891317d60b0,2025-01-14 01:40:44,1,2025-01,kpp,user_001,Мы редко собираемся вне школы,0,,risk_candidate,0.12,29,5,0,0,0,0,0.04,auto_rules: bad_words or risk_score >= 1.500
658,9c40d1d5a2d6713f,2024-06-19 01:25:29,1,2024-06,kpp,user_003,Аааа,0,,risk_candidate,0.75,4,1,0,0,0,0,0.25,auto_rules: bad_words or risk_score >= 1.500
659,4a99e18a4f17b378,2025-05-19 13:43:03,13,2025-05,kpp,user_001,Я ебал эту залупу,1,auto: bad word / hostile word,risk_candidate,3.2143,17,4,1,0,0,0,0.0714,auto_rules: bad_words or risk_score >= 1.500
660,b189e0badc69bec6,2024-06-17 12:57:02,12,2024-06,kpp,user_004,Хорошо,0,,risk_candidate,0.5,6,1,0,0,0,0,0.1667,auto_rules: bad_words or risk_score >= 1.500
661,c45579313a21e479,2024-04-01 23:31:27,23,2024-04,kpp,user_001,Надо до пятницы успеть всё решить,0,,risk_candidate,0.1071,33,6,0,0,0,0,0.0357,auto_rules: bad_words or risk_score >= 1.500
662,a5db87258f41af22,2023-12-30 10:40:22,10,2023-12,kpp,user_001,Они не воняют к сожалению (,0,,risk_candidate,0.1429,27,5,0,0,0,0,0.0476,auto_rules: bad_words or risk_score >= 1.500
663,db7789ae0fdfe311,2026-03-10 21:57:12,21,2026-03,kpp,user_001,Бля,1,auto: bad word / hostile word,risk_candidate,4.0,3,1,1,0,0,0,0.3333,auto_rules: bad_words or risk_score >= 1.500
664,f90f1fecec6b44ec,2024-12-23 16:12:19,16,2024-12,kpp,user_004,Видели инфу,0,,risk_candidate,0.3,11,2,0,0,0,0,0.1,auto_rules: bad_words or risk_score >= 1.500
665,364ca56f26438546,2024-03-21 20:01:35,20,2024-03,kpp,user_003,Уроды блять,1,auto: bad word / hostile word,random,5.3,11,2,1,1,0,0,0.1,auto_rules: bad_words or risk_score >= 1.500
666,19a643d7130b3825,2025-04-07 14:14:50,14,2025-04,kpp,user_003,Пачка эриуса 1.5к стоит,0,,risk_candidate,0.1765,23,5,0,0,0,0,0.0588,auto_rules: bad_words or risk_score >= 1.500
667,5a1816bc3a565a34,2025-05-17 19:41:44,19,2025-05,kpp,user_002,бля я на самом деле задумывался недавно,1,auto: bad word / hostile word,risk_candidate,3.0,39,7,1,0,0,0,0.0,auto_rules: bad_words or risk_score >= 1.500
668,12c35fa741499774,2025-06-05 19:23:21,19,2025-06,kpp,user_004,А,1,auto: risk_score >= 1.500,risk_candidate,2.0,1,1,0,0,0,0,1.0,auto_rules: bad_words or risk_score >= 1.500
669,792f1115a9ac4afd,2025-02-22 18:29:25,18,2025-02,kpp,user_002,бля кстати да,1,auto: bad word / hostile word,random,3.0,13,3,1,0,0,0,0.0,auto_rules: bad_words or risk_score >= 1.500
670,11486fb6c9f6b3e5,2026-01-28 23:07:21,23,2026-01,kpp,user_001,Ты с такими грудными скоро полетишь,0,,random,0.1,35,6,0,0,0,0,0.0333,auto_rules: bad_words or risk_score >= 1.500
671,1a3093f353db14dc,2024-06-28 20:01:01,20,2024-06,kpp,user_004,А вечером в клуб,0,,risk_candidate,0.2308,16,4,0,0,0,0,0.0769,auto_rules: bad_words or risk_score >= 1.500
672,d0d9b5d13c77f424,2025-05-28 11:37:05,11,2025-05,kpp,user_002,на автобус хуяртть?,1,auto: bad word / hostile word,risk_candidate,3.2,19,3,1,0,0,1,0.0,auto_rules: bad_words or risk_score >= 1.500
673,32234978df5e61b5,2025-10-14 23:00:44,23,2025-10,kpp,user_001,Я за 1 запрос две лекции прогнал,0,,risk_candidate,0.12,32,7,0,0,0,0,0.04,auto_rules: bad_words or risk_score >= 1.500
674,8ad60b2eeeb5f899,2026-01-07 19:43:14,19,2026-01,kpp,user_003,Дарья оценила кст,0,,risk_candidate,0.2,17,3,0,0,0,0,0.0667,auto_rules: bad_words or risk_score >= 1.500
675,ee94758606fe002c,2024-09-03 12:15:02,12,2024-09,kpp,user_004,<MENTION> пойдем?,1,auto: risk_score >= 1.500,random,2.6154,17,2,0,0,0,1,0.5385,auto_rules: bad_words or risk_score >= 1.500
676,0638ef4156a1d9f3,2024-12-11 18:41:38,18,2024-12,kpp,user_004,За что отвечает,0,,random,0.2308,15,3,0,0,0,0,0.0769,auto_rules: bad_words or risk_score >= 1.500
677,6be6ea69f991d4d4,2024-06-23 14:47:37,14,2024-06,kpp,user_004,Я готов,0,,risk_candidate,0.5,7,2,0,0,0,0,0.1667,auto_rules: bad_words or risk_score >= 1.500
678,9ffaa5e62c42a045,2025-06-18 19:05:31,19,2025-06,kpp,user_004,Просто попозже сделаем,0,,risk_candidate,0.15,22,3,0,0,0,0,0.05,auto_rules: bad_words or risk_score >= 1.500
679,1c07239411dc6993,2025-10-24 22:26:08,22,2025-10,kpp,user_003,ааааа,0,,random,0.0,5,1,0,0,0,0,0.0,auto_rules: bad_words or risk_score >= 1.500
680,07d119a585bf45cb,2023-10-21 21:50:05,21,2023-10,kpp,user_004,ХАХАХАХАХА,1,auto: risk_score >= 1.500,risk_candidate,2.8,10,1,0,0,0,0,1.0,auto_rules: bad_words or risk_score >= 1.500
681,7471b431c64b2e99,2025-01-18 13:54:28,13,2025-01,kpp,user_001,"Либо так, да",0,,random,0.3333,12,3,0,0,0,0,0.1111,auto_rules: bad_words or risk_score >= 1.500
682,bc9463a970a8b461,2024-04-23 23:15:00,23,2024-04,kpp,user_004,Странный,0,,risk_candidate,0.375,8,1,0,0,0,0,0.125,auto_rules: bad_words or risk_score >= 1.500
683,7aabdaa5a3c13253,2025-07-15 16:42:50,16,2025-07,kpp,user_004,Я Диана Алина мы в одной,0,,random,0.4737,24,6,0,0,0,0,0.1579,auto_rules: bad_words or risk_score >= 1.500
684,e8c444c6d90ea7df,2024-06-06 00:48:02,0,2024-06,kpp,user_002,Делать деньги,0,,risk_candidate,0.25,13,2,0,0,0,0,0.0833,auto_rules: bad_words or risk_score >= 1.500
685,c435aa7e91eba520,2024-05-27 20:38:51,20,2024-05,kpp,user_002,раньше норм общались,0,,random,0.0,20,3,0,0,0,0,0.0,auto_rules: bad_words or risk_score >= 1.500
686,3f4ce3ee7f979546,2025-02-11 23:57:52,23,2025-02,kpp,user_001,который в статах,0,,random,0.0,16,3,0,0,0,0,0.0,auto_rules: bad_words or risk_score >= 1.500
687,e8d95a0238fd8859,2025-09-27 22:20:40,22,2025-09,kpp,user_004,Бля чел,1,auto: bad word / hostile word,risk_candidate,3.5,7,2,1,0,0,0,0.1667,auto_rules: bad_words or risk_score >= 1.500
688,dcf66483e259adea,2025-04-24 02:02:04,2,2025-04,kpp,user_002,ну он младше нас,0,,random,0.0,16,4,0,0,0,0,0.0,auto_rules: bad_words or risk_score >= 1.500
689,62359e6e171ce4db,2025-05-13 12:39:02,12,2025-05,kpp,user_004,Составь тогда,0,,random,0.25,13,2,0,0,0,0,0.0833,auto_rules: bad_words or risk_score >= 1.500
690,748c13fb92dd5586,2025-05-14 22:32:49,22,2025-05,kpp,user_001,Большие данные Большие яйца,0,,risk_candidate,0.25,27,4,0,0,0,0,0.0833,auto_rules: bad_words or risk_score >= 1.500
691,5f2fbfb7c817e404,2025-05-02 17:12:52,17,2025-05,kpp,user_004,Мать и дочь,0,,random,0.3333,11,3,0,0,0,0,0.1111,auto_rules: bad_words or risk_score >= 1.500
692,992ef24de09eb348,2025-04-18 17:52:13,17,2025-04,kpp,user_001,Я ещё к писюну даже не приступал,0,,risk_candidate,0.1154,32,7,0,0,0,0,0.0385,auto_rules: bad_words or risk_score >= 1.500
693,c738ade32e85e0f4,2023-10-22 23:50:42,23,2023-10,kpp,user_004,Ебать,1,auto: bad word / hostile word,risk_candidate,3.6,5,1,1,0,0,0,0.2,auto_rules: bad_words or risk_score >= 1.500
694,12468f716b78f8ad,2024-12-12 16:53:19,16,2024-12,kpp,user_003,<URL>,1,auto: risk_score >= 1.500,random,2.0,5,1,0,0,0,0,1.0,auto_rules: bad_words or risk_score >= 1.500
695,c67db7e0e13469cf,2025-05-07 00:09:32,0,2025-05,kpp,user_004,Неееееи,0,,random,0.4286,7,1,0,0,0,0,0.1429,auto_rules: bad_words or risk_score >= 1.500
696,083a4afe5effdf39,2024-06-15 00:36:58,0,2024-06,kpp,user_001,Колесики попей,0,,risk_candidate,0.2308,14,2,0,0,0,0,0.0769,auto_rules: bad_words or risk_score >= 1.500
697,05e02b57a122bf6c,2025-11-18 18:43:33,18,2025-11,ls,user_002,да,0,,random,0.0,2,1,0,0,0,0,0.0,auto_rules: bad_words or risk_score >= 1.500
698,99f26093a6057245,2025-09-23 15:08:17,15,2025-09,kpp,user_003,Просто даже по улице,0,,risk_candidate,0.1765,20,4,0,0,0,0,0.0588,auto_rules: bad_words or risk_score >= 1.500
699,c5fccccffc10cf39,2025-06-27 00:48:31,0,2025-06,kpp,user_004,Тебе эта прическа идет больше всего,0,,risk_candidate,0.1,35,6,0,0,0,0,0.0333,auto_rules: bad_words or risk_score >= 1.500
700,5a51f906a5904233,2025-03-04 16:15:58,16,2025-03,kpp,user_004,Пиздить таких надо,1,auto: bad word / hostile word,risk_candidate,3.1875,18,3,1,0,0,0,0.0625,auto_rules: bad_words or risk_score >= 1.500
701,8c659096ae30828d,2025-09-23 11:04:34,11,2025-09,kpp,user_004,она синяя,0,,random,0.0,9,2,0,0,0,0,0.0,auto_rules: bad_words or risk_score >= 1.500
702,a2c538953e8912e7,2026-03-31 18:42:26,18,2026-03,kpp,user_001,Газ,0,,random,1.0,3,1,0,0,0,0,0.3333,auto_rules: bad_words or risk_score >= 1.500
703,8b2851fd64ba1d5f,2025-09-18 17:11:12,17,2025-09,kpp,user_002,не надо так делать,0,,random,0.0,18,4,0,0,0,0,0.0,auto_rules: bad_words or risk_score >= 1.500
704,12b1beb51360aaf1,2025-05-17 17:56:15,17,2025-05,kpp,user_001,В итоге часа два часа убил чтобы комп восстановить,0,,risk_candidate,0.0714,50,9,0,0,0,0,0.0238,auto_rules: bad_words or risk_score >= 1.500
705,47997b3775373605,2025-12-13 12:10:41,12,2025-12,kpp,user_004,"Как хорошо, что я хочу",0,,risk_candidate,0.1765,22,5,0,0,0,0,0.0588,auto_rules: bad_words or risk_score >= 1.500
706,97aa1015bb0744b9,2023-11-13 22:51:45,22,2023-11,kpp,user_004,Что тебе сейчас,0,,risk_candidate,0.2308,15,3,0,0,0,0,0.0769,auto_rules: bad_words or risk_score >= 1.500
707,61f044a5044af353,2025-12-05 09:50:34,9,2025-12,ls,user_003,Давай быстрее,0,,random,0.25,13,2,0,0,0,0,0.0833,auto_rules: bad_words or risk_score >= 1.500
708,0363bc1a63b69f61,2023-12-28 00:40:33,0,2023-12,kpp,user_004,Что там за # спрятано,0,,random,0.1875,21,4,0,0,0,0,0.0625,auto_rules: bad_words or risk_score >= 1.500
709,8aaf53a302620384,2024-12-06 16:37:31,16,2024-12,kpp,user_002,максимальный репост!!!,0,,risk_candidate,1.2,22,2,0,0,3,0,0.0,auto_rules: bad_words or risk_score >= 1.500
710,961e07bf9c59c022,2024-10-30 16:50:25,16,2024-10,kpp,user_001,Сукааааа,1,auto: bad word / hostile word,random,3.375,8,1,1,0,0,0,0.125,auto_rules: bad_words or risk_score >= 1.500
711,45728717cf6d0517,2024-10-13 15:15:05,15,2024-10,kpp,user_004,10 и будет,0,,random,0.0,10,3,0,0,0,0,0.0,auto_rules: bad_words or risk_score >= 1.500
712,c212c69b10da817c,2024-12-19 23:31:24,23,2024-12,kpp,user_004,зато,0,,random,0.0,4,1,0,0,0,0,0.0,auto_rules: bad_words or risk_score >= 1.500
713,dc49e7c5b2eb9db4,2024-09-20 21:18:22,21,2024-09,kpp,user_004,Арс а ты сделал кнопки для числе?,0,,random,0.3154,33,7,0,0,0,1,0.0385,auto_rules: bad_words or risk_score >= 1.500
714,8f63b9d0a08d64de,2023-10-21 16:25:26,16,2023-10,kpp,user_002,ага,0,,random,0.0,3,1,0,0,0,0,0.0,auto_rules: bad_words or risk_score >= 1.500
715,950a5950b624b5b2,2024-05-06 23:36:46,23,2024-05,kpp,user_004,n = 0?,0,,risk_candidate,0.2,6,2,0,0,0,1,0.0,auto_rules: bad_words or risk_score >= 1.500
716,e59a997ef8eea997,2025-08-01 00:35:11,0,2025-08,kpp,user_001,я завидую пиздец,1,auto: bad word / hostile word,risk_candidate,3.0,16,3,1,0,0,0,0.0,auto_rules: bad_words or risk_score >= 1.500
717,bc154bfa507ae95b,2023-12-31 01:08:44,1,2023-12,kpp,user_002,а другой тоже пизды получил,1,auto: bad word / hostile word,risk_candidate,3.0,27,5,1,0,0,0,0.0,auto_rules: bad_words or risk_score >= 1.500
718,272634d9fd43e3cb,2025-03-04 16:13:14,16,2025-03,kpp,user_004,Чем реже частота,0,,risk_candidate,0.2143,16,3,0,0,0,0,0.0714,auto_rules: bad_words or risk_score >= 1.500
719,bb452fe6ca24aba1,2024-06-18 19:02:34,19,2024-06,kpp,user_003,Ты вообще с детьми тусуешь,0,,risk_candidate,0.1364,26,5,0,0,0,0,0.0455,auto_rules: bad_words or risk_score >= 1.500
720,51260ccf62db1e75,2024-11-27 09:44:09,9,2024-11,kpp,user_004,А Элка во сколько?,0,,risk_candidate,0.6286,18,4,0,0,0,1,0.1429,auto_rules: bad_words or risk_score >= 1.500
721,133fe34ebb31f92a,2025-11-18 22:48:38,22,2025-11,kpp,user_001,Это пик наслаждения,0,,random,0.1765,19,3,0,0,0,0,0.0588,auto_rules: bad_words or risk_score >= 1.500
722,ace8bf0682477151,2025-02-13 19:57:57,19,2025-02,kpp,user_002,значит не срабатывает какой то флаг,0,,random,0.0,35,6,0,0,0,0,0.0,auto_rules: bad_words or risk_score >= 1.500
723,0a1bf196686b6702,2024-01-04 16:45:47,16,2024-01,kpp,user_001,вероятность выпадения 5 процентов,0,,random,0.0,33,4,0,0,0,0,0.0,auto_rules: bad_words or risk_score >= 1.500
724,e5acc4eaad576d8e,2025-03-05 01:45:28,1,2025-03,kpp,user_001,Пушь,0,,risk_candidate,0.75,4,1,0,0,0,0,0.25,auto_rules: bad_words or risk_score >= 1.500
725,e85b0b5d99e1ec77,2025-06-05 22:02:12,22,2025-06,kpp,user_003,Такого здорового блять,1,auto: bad word / hostile word,random,3.15,22,3,1,0,0,0,0.05,auto_rules: bad_words or risk_score >= 1.500
726,ee098464325decce,2025-04-30 23:54:40,23,2025-04,kpp,user_001,Прям сейчас,0,,risk_candidate,0.3,11,2,0,0,0,0,0.1,auto_rules: bad_words or risk_score >= 1.500
727,f096ab2444690aee,2024-10-13 19:18:08,19,2024-10,kpp,user_004,Ладно просто😕,0,,risk_candidate,0.2727,13,2,0,0,0,0,0.0909,auto_rules: bad_words or risk_score >= 1.500
728,3bf7445dff77eece,2025-08-17 15:47:29,15,2025-08,kpp,user_001,Как повезёт,0,,risk_candidate,0.3,11,2,0,0,0,0,0.1,auto_rules: bad_words or risk_score >= 1.500
729,b261e91601595cf7,2025-05-05 22:53:28,22,2025-05,kpp,user_004,Надо делать грязь,0,,risk_candidate,0.2,17,3,0,0,0,0,0.0667,auto_rules: bad_words or risk_score >= 1.500
730,03300024d189725d,2024-02-12 21:23:21,21,2024-02,kpp,user_001,За что,0,,random,0.6,6,2,0,0,0,0,0.2,auto_rules: bad_words or risk_score >= 1.500
731,0031014a68bc94fa,2024-06-07 13:49:23,13,2024-06,kpp,user_002,нормирование,0,,random,0.0,12,1,0,0,0,0,0.0,auto_rules: bad_words or risk_score >= 1.500
732,06b1880496cace04,2024-03-25 15:34:55,15,2024-03,kpp,user_004,Чуваки,0,,risk_candidate,0.5,6,1,0,0,0,0,0.1667,auto_rules: bad_words or risk_score >= 1.500
733,94694ce254c8a338,2025-02-03 17:54:46,17,2025-02,kpp,user_003,Без девок,0,,risk_candidate,0.375,9,2,0,0,0,0,0.125,auto_rules: bad_words or risk_score >= 1.500
734,d7b45a524cf1e3b7,2025-11-24 22:44:12,22,2025-11,kpp,user_004,Так и манит,0,,risk_candidate,0.3333,11,3,0,0,0,0,0.1111,auto_rules: bad_words or risk_score >= 1.500
735,760532a9bc6af1ce,2026-01-25 02:09:02,2,2026-01,kpp,user_004,В целом,0,,random,0.5,7,2,0,0,0,0,0.1667,auto_rules: bad_words or risk_score >= 1.500
736,2b548494b64d2bd7,2024-04-13 12:10:57,12,2024-04,kpp,user_002,а бля,1,auto: bad word / hostile word,risk_candidate,3.0,5,2,1,0,0,0,0.0,auto_rules: bad_words or risk_score >= 1.500
737,9b29e2c53dafb402,2025-12-02 21:26:36,21,2025-12,kpp,user_003,да,0,,random,0.0,2,1,0,0,0,0,0.0,auto_rules: bad_words or risk_score >= 1.500
738,5dba4fde8b712146,2026-03-13 18:33:35,18,2026-03,kpp,user_004,Сори что в кофте,0,,random,0.2308,16,4,0,0,0,0,0.0769,auto_rules: bad_words or risk_score >= 1.500
739,e9ef41a9d0c8f797,2024-11-07 15:04:01,15,2024-11,kpp,user_004,Хуя,1,auto: bad word / hostile word,random,4.0,3,1,1,0,0,0,0.3333,auto_rules: bad_words or risk_score >= 1.500
740,86b42ac9c2eda38c,2026-02-11 15:44:20,15,2026-02,kpp,user_001,меня еще и за sql спролсили,0,,random,0.0,27,6,0,0,0,0,0.0,auto_rules: bad_words or risk_score >= 1.500
741,b13f0a651c3820c7,2023-12-30 02:04:58,2,2023-12,kpp,user_001,Я уснуть пытаюсь,0,,random,0.2143,16,3,0,0,0,0,0.0714,auto_rules: bad_words or risk_score >= 1.500
742,45e2b01fe17beba0,2025-02-24 17:07:51,17,2025-02,kpp,user_004,Хуита,0,,risk_candidate,0.6,5,1,0,0,0,0,0.2,auto_rules: bad_words or risk_score >= 1.500
743,3fe789c063af5dad,2024-09-13 22:10:56,22,2024-09,kpp,user_004,Я хочу показать,0,,random,0.2308,15,3,0,0,0,0,0.0769,auto_rules: bad_words or risk_score >= 1.500
744,b0abe46b3975a429,2026-04-25 23:41:39,23,2026-04,kpp,user_002,сделай завтра вот так перед сексом,0,,random,0.0,34,6,0,0,0,0,0.0,auto_rules: bad_words or risk_score >= 1.500
745,8d7add279fd90c22,2025-03-11 21:50:24,21,2025-03,kpp,user_004,мы завтра идем на пары?,0,,random,0.2,23,5,0,0,0,1,0.0,auto_rules: bad_words or risk_score >= 1.500
746,c1f77886011d13b6,2026-02-02 09:32:17,9,2026-02,kpp,user_004,да,0,,random,0.0,2,1,0,0,0,0,0.0,auto_rules: bad_words or risk_score >= 1.500
747,95a6c5031747897d,2024-04-24 18:28:50,18,2024-04,kpp,user_004,?,0,,random,0.2,1,0,0,0,0,1,0.0,auto_rules: bad_words or risk_score >= 1.500
748,71f4732d9b6b8e94,2024-01-26 17:47:24,17,2024-01,kpp,user_001,Она сдала,0,,risk_candidate,0.375,9,2,0,0,0,0,0.125,auto_rules: bad_words or risk_score >= 1.500
749,b52c4903bf18ec68,2024-10-02 13:59:22,13,2024-10,kpp,user_001,Нихуя уже не сделаешь,0,,risk_candidate,0.1667,21,4,0,0,0,0,0.0556,auto_rules: bad_words or risk_score >= 1.500
750,22fe66eb2d04c5ef,2024-08-02 17:22:26,17,2024-08,kpp,user_001,Вперёд и с песней,0,,risk_candidate,0.2143,17,4,0,0,0,0,0.0714,auto_rules: bad_words or risk_score >= 1.500
751,c2d68a56834310b9,2024-10-09 11:11:17,11,2024-10,kpp,user_004,Ты хуже негра,0,,risk_candidate,0.2727,13,3,0,0,0,0,0.0909,auto_rules: bad_words or risk_score >= 1.500
752,926a07b93550a2d2,2024-04-25 18:06:17,18,2024-04,kpp,user_003,Андрей и Саша,0,,random,0.5455,13,3,0,0,0,0,0.1818,auto_rules: bad_words or risk_score >= 1.500
753,261ae24d45f419ea,2024-12-19 22:02:49,22,2024-12,kpp,user_001,а ей на зачёте кстати придётся пересдавать эту хуйню?,1,auto: bad word / hostile word,random,3.2,53,9,1,0,0,1,0.0,auto_rules: bad_words or risk_score >= 1.500
754,41ada6df10fa14e8,2024-07-01 22:08:35,22,2024-07,kpp,user_002,"Тебя выпало: Действие. Напиши любому человеку из группы "" папочка, накажи меня прошу! "" 🚶‍♂",0,,risk_candidate,0.5324,91,12,0,0,1,0,0.0441,auto_rules: bad_words or risk_score >= 1.500
755,fc10417956b00ff3,2025-10-20 13:30:52,13,2025-10,kpp,user_002,бля а че у корхова нельзя больше доклады делаь?,1,auto: bad word / hostile word,risk_candidate,3.2,47,9,1,0,0,1,0.0,auto_rules: bad_words or risk_score >= 1.500
756,3e1619937ad8ec4b,2025-02-12 23:24:54,23,2025-02,kpp,user_001,Такое себе,0,,risk_candidate,0.3333,10,2,0,0,0,0,0.1111,auto_rules: bad_words or risk_score >= 1.500
757,bbf8fcf0675f82c5,2025-05-13 00:12:57,0,2025-05,kpp,user_004,бля,1,auto: bad word / hostile word,random,3.0,3,1,1,0,0,0,0.0,auto_rules: bad_words or risk_score >= 1.500
758,08e618f965525428,2024-09-07 11:51:34,11,2024-09,kpp,user_002,повер есть?,0,,risk_candidate,0.2,11,2,0,0,0,1,0.0,auto_rules: bad_words or risk_score >= 1.500
759,6ab13e6c1f4e6c36,2025-11-05 22:08:16,22,2025-11,kpp,user_003,У Игната есть запас в 15 лет считай,0,,risk_candidate,0.2308,35,8,0,0,0,0,0.0769,auto_rules: bad_words or risk_score >= 1.500
760,6479f74e1f177645,2024-11-07 09:43:22,9,2024-11,kpp,user_001,<MENTION>,1,auto: risk_score >= 1.500,risk_candidate,2.8,9,1,0,0,0,0,1.0,auto_rules: bad_words or risk_score >= 1.500
761,511261cf3a6e71f8,2025-06-04 11:21:43,11,2025-06,kpp,user_001,И семяизвержение,0,,risk_candidate,0.2,16,2,0,0,0,0,0.0667,auto_rules: bad_words or risk_score >= 1.500
762,b6fd698dbdc59c7c,2023-10-29 21:15:42,21,2023-10,kpp,user_004,Так оно же не твое,0,,risk_candidate,0.2143,18,5,0,0,0,0,0.0714,auto_rules: bad_words or risk_score >= 1.500
763,e3a2bf93555024dc,2024-12-19 16:33:49,16,2024-12,kpp,user_003,Я вот так и думал,0,,risk_candidate,0.2308,17,5,0,0,0,0,0.0769,auto_rules: bad_words or risk_score >= 1.500
764,3069e137d68771ed,2024-10-26 08:00:47,8,2024-10,kpp,user_001,"Ебучие автобусы, самая ненадёжная вещь на свете",0,,random,0.075,47,7,0,0,0,0,0.025,auto_rules: bad_words or risk_score >= 1.500
765,e591bec49720f6de,2025-02-16 12:39:44,12,2025-02,kpp,user_002,а вчера получилось че ниьуль?,0,,random,0.2,29,5,0,0,0,1,0.0,auto_rules: bad_words or risk_score >= 1.500
766,eefa3e54d9c43078,2025-06-07 22:56:00,22,2025-06,kpp,user_003,чаша,0,,random,0.0,4,1,0,0,0,0,0.0,auto_rules: bad_words or risk_score >= 1.500
767,01791059ffbba7dd,2024-06-28 22:18:58,22,2024-06,kpp,user_002,ух бля,1,auto: bad word / hostile word,random,3.0,6,2,1,0,0,0,0.0,auto_rules: bad_words or risk_score >= 1.500
768,adbc5437643b97ea,2025-03-11 21:54:36,21,2025-03,kpp,user_004,это будет в конце сема бро,0,,random,0.0,26,6,0,0,0,0,0.0,auto_rules: bad_words or risk_score >= 1.500
769,b78ef99868623e27,2024-04-20 12:17:23,12,2024-04,kpp,user_001,Постараюсь успеть по времени,0,,risk_candidate,0.12,28,4,0,0,0,0,0.04,auto_rules: bad_words or risk_score >= 1.500
770,24c334d52019b285,2026-02-04 15:03:29,15,2026-02,kpp,user_001,Нет,0,,random,1.0,3,1,0,0,0,0,0.3333,auto_rules: bad_words or risk_score >= 1.500
771,943c120a8fd9ac15,2023-12-17 16:28:09,16,2023-12,kpp,user_004,И сжимает,0,,risk_candidate,0.375,9,2,0,0,0,0,0.125,auto_rules: bad_words or risk_score >= 1.500
772,cb1cb98a62ffbdc8,2025-09-16 08:53:48,8,2025-09,kpp,user_004,Так я самокат оставил,0,,risk_candidate,0.1667,21,4,0,0,0,0,0.0556,auto_rules: bad_words or risk_score >= 1.500
773,b366301802bfdd90,2025-12-23 22:35:49,22,2025-12,kpp,user_002,и покумекаем,0,,random,0.0,12,2,0,0,0,0,0.0,auto_rules: bad_words or risk_score >= 1.500
774,e50423b4aa387d25,2025-03-11 16:31:39,16,2025-03,kpp,user_004,глеб,0,,random,0.0,4,1,0,0,0,0,0.0,auto_rules: bad_words or risk_score >= 1.500
775,48174a69d645ae60,2025-10-29 21:25:53,21,2025-10,kpp,user_001,Вся моя банда на криминале,0,,risk_candidate,0.1364,26,5,0,0,0,0,0.0455,auto_rules: bad_words or risk_score >= 1.500
776,e1e319ca985cb123,2024-05-21 15:26:35,15,2024-05,kpp,user_004,ВОВ о,1,auto: risk_score >= 1.500,risk_candidate,2.0,5,2,0,0,0,0,0.75,auto_rules: bad_words or risk_score >= 1.500
777,63559dd3b553b41f,2023-11-27 15:44:10,15,2023-11,kpp,user_001,Делай это почаще,0,,random,0.2143,16,3,0,0,0,0,0.0714,auto_rules: bad_words or risk_score >= 1.500
778,0eb56fac00c364f0,2025-07-21 01:33:09,1,2025-07,kpp,user_004,У нее же есть отец,0,,risk_candidate,0.2143,18,5,0,0,0,0,0.0714,auto_rules: bad_words or risk_score >= 1.500
779,36297f61999c2c13,2025-01-21 00:03:16,0,2025-01,kpp,user_001,Арсений,0,,random,0.4286,7,1,0,0,0,0,0.1429,auto_rules: bad_words or risk_score >= 1.500
780,9a3e4a09d3268571,2024-04-19 17:12:06,17,2024-04,kpp,user_001,Кружочек,0,,risk_candidate,0.375,8,1,0,0,0,0,0.125,auto_rules: bad_words or risk_score >= 1.500
781,d83ad9e6ae3bc025,2025-10-26 23:29:53,23,2025-10,kpp,user_001,Это точно не ии?,0,,risk_candidate,0.45,16,4,0,0,0,1,0.0833,auto_rules: bad_words or risk_score >= 1.500
782,760b3abdcec8306b,2025-09-10 11:47:18,11,2025-09,kpp,user_004,И съеби в массажку,0,,random,0.2,18,4,0,0,0,0,0.0667,auto_rules: bad_words or risk_score >= 1.500
783,e7ea84fe53207f71,2024-12-19 12:51:23,12,2024-12,kpp,user_004,Там 45 минут,0,,random,0.375,12,3,0,0,0,0,0.125,auto_rules: bad_words or risk_score >= 1.500
784,8320900dcc502b7b,2025-10-10 21:27:32,21,2025-10,kpp,user_003,я просто не могу смирится,0,,random,0.0,25,5,0,0,0,0,0.0,auto_rules: bad_words or risk_score >= 1.500
785,9b277069ad737317,2024-03-23 04:02:12,4,2024-03,kpp,user_002,я тоже,0,,random,0.0,6,2,0,0,0,0,0.0,auto_rules: bad_words or risk_score >= 1.500
786,f9e3d12b8845a13a,2025-05-29 00:27:33,0,2025-05,kpp,user_003,Что думаете,0,,risk_candidate,0.3,11,2,0,0,0,0,0.1,auto_rules: bad_words or risk_score >= 1.500
787,1396869887203d8e,2024-10-27 23:38:45,23,2024-10,kpp,user_004,Разрешат,0,,risk_candidate,0.375,8,1,0,0,0,0,0.125,auto_rules: bad_words or risk_score >= 1.500
788,150efec5fdceec60,2025-03-08 19:42:51,19,2025-03,kpp,user_004,Везде есть,0,,risk_candidate,0.3333,10,2,0,0,0,0,0.1111,auto_rules: bad_words or risk_score >= 1.500
789,c7449b5f89a3f879,2025-12-16 21:14:46,21,2025-12,kpp,user_001,Тип пишет я вам припомню,0,,random,0.15,24,5,0,0,0,0,0.05,auto_rules: bad_words or risk_score >= 1.500
790,8db577c28a42077a,2025-02-24 17:54:11,17,2025-02,kpp,user_002,прочекай все,0,,random,0.0,12,2,0,0,0,0,0.0,auto_rules: bad_words or risk_score >= 1.500
791,06ad5ad0f05093ff,2026-02-04 23:09:41,23,2026-02,kpp,user_004,Твой?,0,,risk_candidate,0.95,5,1,0,0,0,1,0.25,auto_rules: bad_words or risk_score >= 1.500
792,6a9723d7495ed108,2025-09-21 16:08:13,16,2025-09,kpp,user_001,Нам ж к 17?,0,,risk_candidate,0.8,11,4,0,0,0,1,0.2,auto_rules: bad_words or risk_score >= 1.500
793,ba7acbd8e2720c77,2026-02-21 22:56:49,22,2026-02,kpp,user_002,мы и не таких раздевали,0,,random,0.0,23,5,0,0,0,0,0.0,auto_rules: bad_words or risk_score >= 1.500
794,55e635bc142ed247,2025-11-26 17:40:22,17,2025-11,kpp,user_001,Никто нахуй,0,,risk_candidate,0.3,11,2,0,0,0,0,0.1,auto_rules: bad_words or risk_score >= 1.500
795,bc7b8268253ab60a,2024-06-20 13:06:49,13,2024-06,kpp,user_003,256 ?,0,,risk_candidate,0.2,5,1,0,0,0,1,0.0,auto_rules: bad_words or risk_score >= 1.500
796,58220a41ab7478f5,2024-06-06 15:22:32,15,2024-06,kpp,user_002,и алгебра,0,,random,0.0,9,2,0,0,0,0,0.0,auto_rules: bad_words or risk_score >= 1.500
797,7bc4ce842f6cc363,2025-05-27 01:37:46,1,2025-05,kpp,user_001,Ты бля,1,auto: bad word / hostile word,random,3.6,6,2,1,0,0,0,0.2,auto_rules: bad_words or risk_score >= 1.500
798,a1491b012262ce79,2025-05-18 13:47:56,13,2025-05,kpp,user_003,В аи детект загоним и норм,0,,random,0.1429,26,6,0,0,0,0,0.0476,auto_rules: bad_words or risk_score >= 1.500
799,e1869ac6866f5676,2025-02-17 08:13:59,8,2025-02,kpp,user_002,да в пизду,1,auto: bad word / hostile word,random,3.0,10,3,1,0,0,0,0.0,auto_rules: bad_words or risk_score >= 1.500
800,51d971cfad094c83,2024-06-07 11:08:09,11,2024-06,kpp,user_001,Я сестру отведу,0,,random,0.2308,15,3,0,0,0,0,0.0769,auto_rules: bad_words or risk_score >= 1.500
801,b0e35876c7ae94e9,2025-12-17 13:25:42,13,2025-12,kpp,user_001,Пиши,0,,random,0.75,4,1,0,0,0,0,0.25,auto_rules: bad_words or risk_score >= 1.500
802,b05baf8e3f7c34d9,2025-05-02 11:59:15,11,2025-05,kpp,user_004,Это только начало было,0,,random,0.1579,22,4,0,0,0,0,0.0526,auto_rules: bad_words or risk_score >= 1.500
803,b53f8d919a62a9a3,2024-09-13 22:25:07,22,2024-09,kpp,user_001,Он самый ебейший,0,,risk_candidate,0.2143,16,3,0,0,0,0,0.0714,auto_rules: bad_words or risk_score >= 1.500
804,9455dc0c450e4850,2023-12-11 16:07:05,16,2023-12,kpp,user_004,не ыидел,0,,random,0.0,8,2,0,0,0,0,0.0,auto_rules: bad_words or risk_score >= 1.500
805,a9ffba19136f5230,2024-10-23 22:14:24,22,2024-10,kpp,user_003,Это минус тест сразу,0,,risk_candidate,0.1765,20,4,0,0,0,0,0.0588,auto_rules: bad_words or risk_score >= 1.500
806,b1a58252697a1a85,2024-10-24 18:49:56,18,2024-10,kpp,user_001,Корхова доделать,0,,risk_candidate,0.2,16,2,0,0,0,0,0.0667,auto_rules: bad_words or risk_score >= 1.500
807,0e3aa751e538a537,2025-12-26 23:50:05,23,2025-12,kpp,user_003,Мы будем разговаривать самолеты,0,,risk_candidate,0.1071,31,4,0,0,0,0,0.0357,auto_rules: bad_words or risk_score >= 1.500
808,1197a9d05fc63107,2024-10-24 12:56:25,12,2024-10,kpp,user_004,Поэтому и спамим,0,,risk_candidate,0.2143,16,3,0,0,0,0,0.0714,auto_rules: bad_words or risk_score >= 1.500
809,a202171f819df517,2024-12-06 00:48:17,0,2024-12,kpp,user_001,Потому что нам сдавать скоро,0,,random,0.125,28,5,0,0,0,0,0.0417,auto_rules: bad_words or risk_score >= 1.500
810,e403672e7fa28e39,2025-06-13 22:21:04,22,2025-06,kpp,user_003,Я кину,0,,random,0.6,6,2,0,0,0,0,0.2,auto_rules: bad_words or risk_score >= 1.500
811,3596f9a47990369e,2024-04-23 15:27:14,15,2024-04,kpp,user_004,Сегодня,0,,risk_candidate,0.4286,7,1,0,0,0,0,0.1429,auto_rules: bad_words or risk_score >= 1.500
812,a9c9e7485971b14b,2024-10-29 10:30:39,10,2024-10,kpp,user_001,Если ебучих бабок не будет,0,,random,0.1364,26,5,0,0,0,0,0.0455,auto_rules: bad_words or risk_score >= 1.500
813,8f83cd31c4e4be0e,2024-12-06 15:14:38,15,2024-12,kpp,user_001,Надо белоруса делать,0,,risk_candidate,0.1667,20,3,0,0,0,0,0.0556,auto_rules: bad_words or risk_score >= 1.500
814,5dd1332ef5034e54,2024-01-11 13:31:16,13,2024-01,kpp,user_002,да,0,,random,0.0,2,1,0,0,0,0,0.0,auto_rules: bad_words or risk_score >= 1.500
815,62dd5e059321c6fb,2024-09-25 12:05:42,12,2024-09,kpp,user_001,Бля,1,auto: bad word / hostile word,risk_candidate,4.0,3,1,1,0,0,0,0.3333,auto_rules: bad_words or risk_score >= 1.500
816,05c2a6dfd239ecf4,2025-03-22 22:23:47,22,2025-03,kpp,user_004,Нах ты токсишь,0,,risk_candidate,0.25,14,3,0,0,0,0,0.0833,auto_rules: bad_words or risk_score >= 1.500
817,0314080ef77cccf4,2026-03-24 21:02:55,21,2026-03,kpp,user_002,ща на даче таких мразей выращивает,0,,random,0.0,34,6,0,0,0,0,0.0,auto_rules: bad_words or risk_score >= 1.500
818,33ba8d47be3bcd73,2025-05-24 17:01:35,17,2025-05,kpp,user_001,бля,1,auto: bad word / hostile word,risk_candidate,3.0,3,1,1,0,0,0,0.0,auto_rules: bad_words or risk_score >= 1.500
819,dba6484344915a13,2025-01-09 11:19:41,11,2025-01,kpp,user_001,Те пизда.,1,auto: bad word / hostile word,risk_candidate,3.4286,9,2,1,0,0,0,0.1429,auto_rules: bad_words or risk_score >= 1.500
820,f6210754f7b0f4a5,2024-11-11 23:06:35,23,2024-11,kpp,user_001,<MENTION>,1,auto: risk_score >= 1.500,risk_candidate,2.8,9,1,0,0,0,0,1.0,auto_rules: bad_words or risk_score >= 1.500
821,54537e2500509970,2026-01-03 00:57:42,0,2026-01,kpp,user_004,Пиши,0,,risk_candidate,0.75,4,1,0,0,0,0,0.25,auto_rules: bad_words or risk_score >= 1.500
822,b9308a4eaff8ceb4,2025-09-04 22:59:25,22,2025-09,kpp,user_002,ваще я за,0,,random,0.0,9,3,0,0,0,0,0.0,auto_rules: bad_words or risk_score >= 1.500
823,3e8d2303ce86dfd5,2025-09-03 20:29:18,20,2025-09,kpp,user_004,А,1,auto: risk_score >= 1.500,random,2.0,1,1,0,0,0,0,1.0,auto_rules: bad_words or risk_score >= 1.500
824,88258d4c447a24c5,2025-09-03 20:30:16,20,2025-09,kpp,user_004,Все,0,,random,1.0,3,1,0,0,0,0,0.3333,auto_rules: bad_words or risk_score >= 1.500
825,a27549189db64f7a,2026-03-08 14:02:10,14,2026-03,kpp,user_001,И типо хоть что-то появилось,0,,random,0.1304,28,6,0,0,0,0,0.0435,auto_rules: bad_words or risk_score >= 1.500
826,bbbdfb252cc8bfd1,2025-06-04 19:20:55,19,2025-06,kpp,user_004,он на мерсе,0,,random,0.0,11,3,0,0,0,0,0.0,auto_rules: bad_words or risk_score >= 1.500
827,283689f7e08a61b0,2025-09-22 15:44:14,15,2025-09,kpp,user_002,так вы бы тоже крысили,0,,random,0.0,22,5,0,0,0,0,0.0,auto_rules: bad_words or risk_score >= 1.500
828,7ee84edcfff252e6,2024-11-10 23:34:22,23,2024-11,kpp,user_001,Не такой как в жизни,0,,random,0.1875,20,5,0,0,0,0,0.0625,auto_rules: bad_words or risk_score >= 1.500
829,2ef97e7fb0621644,2025-03-31 15:07:19,15,2025-03,kpp,user_001,startGameafterpause,0,,risk_candidate,0.1579,19,1,0,0,0,0,0.0526,auto_rules: bad_words or risk_score >= 1.500
830,419fd2c6ab6189b0,2025-05-27 01:25:14,1,2025-05,kpp,user_001,Бизнес,0,,risk_candidate,0.5,6,1,0,0,0,0,0.1667,auto_rules: bad_words or risk_score >= 1.500
831,1b0816beacc55b46,2025-08-03 12:34:19,12,2025-08,kpp,user_003,Я с малой за общался,0,,risk_candidate,0.1875,20,5,0,0,0,0,0.0625,auto_rules: bad_words or risk_score >= 1.500
832,881bf3a11a21809f,2024-10-29 23:36:24,23,2024-10,kpp,user_001,Хули она выебывается,0,,risk_candidate,0.1667,20,3,0,0,0,0,0.0556,auto_rules: bad_words or risk_score >= 1.500
833,62eddab066f346a2,2025-05-18 13:39:32,13,2025-05,kpp,user_004,Го напишем,0,,random,0.3333,10,2,0,0,0,0,0.1111,auto_rules: bad_words or risk_score >= 1.500
834,1f42baf7c2863742,2025-04-04 10:21:16,10,2025-04,kpp,user_003,Конченые бляди,1,auto: bad word / hostile word,risk_candidate,3.2308,14,2,1,0,0,0,0.0769,auto_rules: bad_words or risk_score >= 1.500
835,6df413554cc49e57,2025-12-29 00:12:50,0,2025-12,kpp,user_003,По совокупности,0,,risk_candidate,0.2143,15,2,0,0,0,0,0.0714,auto_rules: bad_words or risk_score >= 1.500
836,98d871a4be0a452b,2024-11-13 23:53:49,23,2024-11,kpp,user_004,+,0,,random,0.0,1,0,0,0,0,0,0.0,auto_rules: bad_words or risk_score >= 1.500
837,96430b045c06d75c,2026-02-06 13:46:09,13,2026-02,kpp,user_004,Пиздец меня унижали,1,auto: bad word / hostile word,risk_candidate,3.1765,19,3,1,0,0,0,0.0588,auto_rules: bad_words or risk_score >= 1.500
838,6e1b720f7ac07dfa,2025-11-11 17:34:07,17,2025-11,kpp,user_001,Я кстати всё ещё на толчке,0,,random,0.1429,26,6,0,0,0,0,0.0476,auto_rules: bad_words or risk_score >= 1.500
839,7d9345700fff29de,2025-03-03 20:22:13,20,2025-03,kpp,user_004,На свой сервак,0,,random,0.25,14,3,0,0,0,0,0.0833,auto_rules: bad_words or risk_score >= 1.500
840,e27d11cd78424f3a,2026-04-14 02:11:04,2,2026-04,kpp,user_002,и 0 лет в тюрьме,0,,random,0.0,16,5,0,0,0,0,0.0,auto_rules: bad_words or risk_score >= 1.500
841,afb9dda5290502c3,2025-11-29 19:38:18,19,2025-11,kpp,user_002,оружие к осмотру,0,,random,0.0,16,3,0,0,0,0,0.0,auto_rules: bad_words or risk_score >= 1.500
842,b248c697d1d91142,2025-12-12 14:42:40,14,2025-12,kpp,user_004,#топнабор,0,,random,0.0,9,1,0,0,0,0,0.0,auto_rules: bad_words or risk_score >= 1.500
843,3a95c5a3d44a9444,2024-11-29 02:07:04,2,2024-11,kpp,user_004,И виню у,0,,risk_candidate,0.5,8,3,0,0,0,0,0.1667,auto_rules: bad_words or risk_score >= 1.500
844,b89e8251bc1c19bc,2025-01-19 22:53:43,22,2025-01,kpp,user_001,Ахуенно,0,,random,0.4286,7,1,0,0,0,0,0.1429,auto_rules: bad_words or risk_score >= 1.500
845,ffe8991db31133b3,2024-11-22 11:22:33,11,2024-11,kpp,user_004,Я ебу,0,,risk_candidate,0.75,5,2,0,0,0,0,0.25,auto_rules: bad_words or risk_score >= 1.500
846,a8e3c4308005acc9,2025-10-14 16:12:39,16,2025-10,kpp,user_003,Решите,0,,risk_candidate,0.5,6,1,0,0,0,0,0.1667,auto_rules: bad_words or risk_score >= 1.500
847,e107d83d760c95b2,2025-10-13 20:45:38,20,2025-10,kpp,user_004,Просто будь собой,0,,risk_candidate,0.2,17,3,0,0,0,0,0.0667,auto_rules: bad_words or risk_score >= 1.500
848,5e8e06494d88a3a0,2025-12-19 12:44:36,12,2025-12,kpp,user_001,Один хуй туда ехать,1,auto: bad word / hostile word,random,3.1875,19,4,1,0,0,0,0.0625,auto_rules: bad_words or risk_score >= 1.500
849,8532eff17ba3a754,2024-08-29 14:10:24,14,2024-08,kpp,user_003,Хуя,1,auto: bad word / hostile word,random,4.0,3,1,1,0,0,0,0.3333,auto_rules: bad_words or risk_score >= 1.500
850,872e70ad83edf70d,2025-09-25 21:22:09,21,2025-09,kpp,user_002,так это с этого альбома,0,,random,0.0,23,5,0,0,0,0,0.0,auto_rules: bad_words or risk_score >= 1.500
851,8831de3e9f0bf7da,2025-12-26 08:52:32,8,2025-12,kpp,user_001,На 4,1,auto: risk_score >= 1.500,risk_candidate,1.5,4,2,0,0,0,0,0.5,auto_rules: bad_words or risk_score >= 1.500
852,af74354dfaa7bb9f,2024-07-12 15:16:33,15,2024-07,kpp,user_002,ни разу,0,,random,0.0,7,2,0,0,0,0,0.0,auto_rules: bad_words or risk_score >= 1.500
853,8d611e252b2e1c22,2025-03-02 21:57:53,21,2025-03,kpp,user_004,Заставить себя заново учиться,0,,random,0.1154,29,4,0,0,0,0,0.0385,auto_rules: bad_words or risk_score >= 1.500
854,f9eee42c6d192f41,2025-03-04 18:50:15,18,2025-03,kpp,user_001,Ну бля,1,auto: bad word / hostile word,risk_candidate,3.6,6,2,1,0,0,0,0.2,auto_rules: bad_words or risk_score >= 1.500
855,a8e84eae1a2a9a8e,2024-12-24 08:22:29,8,2024-12,kpp,user_001,Вообще ничего не хотят,0,,random,0.1579,22,4,0,0,0,0,0.0526,auto_rules: bad_words or risk_score >= 1.500
856,86fe433d9cee1c79,2024-01-15 23:55:38,23,2024-01,kpp,user_004,Да,1,auto: risk_score >= 1.500,risk_candidate,1.5,2,1,0,0,0,0,0.5,auto_rules: bad_words or risk_score >= 1.500
857,273bf5cd504bec65,2024-12-04 15:50:55,15,2024-12,kpp,user_002,я на автобус сел,0,,random,0.0,16,4,0,0,0,0,0.0,auto_rules: bad_words or risk_score >= 1.500
858,43ad0d995845c058,2025-09-27 12:11:33,12,2025-09,kpp,user_004,ты делаешь что-то,0,,random,0.0,17,4,0,0,0,0,0.0,auto_rules: bad_words or risk_score >= 1.500
859,9e4fe6732b5de8f5,2026-01-27 22:15:05,22,2026-01,kpp,user_003,вообще вайб,0,,random,0.0,11,2,0,0,0,0,0.0,auto_rules: bad_words or risk_score >= 1.500
860,4524effa1ec5a0b0,2025-05-04 00:18:34,0,2025-05,kpp,user_001,Или плеткой будешь себя хуячить,1,auto: bad word / hostile word,risk_candidate,3.1111,31,5,1,0,0,0,0.037,auto_rules: bad_words or risk_score >= 1.500
861,0effee2dd5055f3d,2025-01-08 21:07:54,21,2025-01,kpp,user_001,На др мне пиздов вставили,1,auto: bad word / hostile word,random,3.1429,25,5,1,0,0,0,0.0476,auto_rules: bad_words or risk_score >= 1.500
862,1c834791c713e73f,2025-08-12 23:59:52,23,2025-08,kpp,user_002,да,0,,random,0.0,2,1,0,0,0,0,0.0,auto_rules: bad_words or risk_score >= 1.500
863,b8ea3c098d305a81,2026-03-03 19:56:23,19,2026-03,kpp,user_004,Любитель крошек,0,,random,0.2143,15,2,0,0,0,0,0.0714,auto_rules: bad_words or risk_score >= 1.500
864,3e3d1a9bbd9bd2ca,2024-05-29 18:22:33,18,2024-05,kpp,user_002,у меня получилось такое но надо проверить,0,,random,0.0,41,7,0,0,0,0,0.0,auto_rules: bad_words or risk_score >= 1.500
865,f97f1e6ca53820b8,2026-01-14 20:43:01,20,2026-01,kpp,user_003,пиздец,1,auto: bad word / hostile word,risk_candidate,3.0,6,1,1,0,0,0,0.0,auto_rules: bad_words or risk_score >= 1.500
866,b1d3cc7bc48023fd,2024-10-27 16:04:47,16,2024-10,kpp,user_003,в мердж оба комита пойдут ?,0,,risk_candidate,0.2,27,5,0,0,0,1,0.0,auto_rules: bad_words or risk_score >= 1.500
867,1b0a6f88326d9421,2025-12-02 23:32:06,23,2025-12,kpp,user_003,а вы бы хотели залететь на стрим к анару ?,0,,risk_candidate,0.2,42,9,0,0,0,1,0.0,auto_rules: bad_words or risk_score >= 1.500
868,7e753e821cbd4577,2025-01-20 16:01:20,16,2025-01,kpp,user_001,Для нахождения хуй пойми чего,1,auto: bad word / hostile word,risk_candidate,3.12,29,5,1,0,0,0,0.04,auto_rules: bad_words or risk_score >= 1.500
869,7d486daa944997be,2026-01-29 22:06:28,22,2026-01,kpp,user_003,настоящий сигма не был подписан,0,,random,0.0,31,5,0,0,0,0,0.0,auto_rules: bad_words or risk_score >= 1.500
870,bb654832c7040131,2024-02-14 18:37:36,18,2024-02,kpp,user_001,"Вообще я вчера решал это, борясь с лютым желанием пойти спать",0,,risk_candidate,0.06,61,11,0,0,0,0,0.02,auto_rules: bad_words or risk_score >= 1.500
871,1788895d3b8ae544,2025-05-29 00:21:56,0,2025-05,kpp,user_001,39 ебанет - 100% скорую,1,auto: bad word / hostile word,random,3.0,23,4,1,0,0,0,0.0,auto_rules: bad_words or risk_score >= 1.500
872,929c9897ee40ed4d,2025-03-18 18:50:12,18,2025-03,kpp,user_001,А ты где это делаешь?,0,,risk_candidate,0.3875,21,5,0,0,0,1,0.0625,auto_rules: bad_words or risk_score >= 1.500
873,a7be785062ffbf49,2025-11-18 20:46:04,20,2025-11,kpp,user_001,Ебучий случай,0,,risk_candidate,0.25,13,2,0,0,0,0,0.0833,auto_rules: bad_words or risk_score >= 1.500
874,c4246d6a2be2eef8,2026-03-24 17:58:40,17,2026-03,kpp,user_001,Ты да,0,,random,0.75,5,2,0,0,0,0,0.25,auto_rules: bad_words or risk_score >= 1.500
875,3850e1dd3cecd8e5,2025-01-22 13:10:56,13,2025-01,kpp,user_001,И сгорел вчера жёстко,0,,risk_candidate,0.1667,21,4,0,0,0,0,0.0556,auto_rules: bad_words or risk_score >= 1.500
876,60abe7a614d4c38b,2026-03-10 00:37:32,0,2026-03,kpp,user_001,Ара,0,,risk_candidate,1.0,3,1,0,0,0,0,0.3333,auto_rules: bad_words or risk_score >= 1.500
877,76ff0b4f448632f7,2025-03-02 23:40:32,23,2025-03,kpp,user_004,сейчас то их нет,0,,random,0.0,16,4,0,0,0,0,0.0,auto_rules: bad_words or risk_score >= 1.500
878,63a1c562459ef87f,2024-09-15 15:28:47,15,2024-09,kpp,user_001,А2 кстати,0,,random,0.4286,9,2,0,0,0,0,0.1429,auto_rules: bad_words or risk_score >= 1.500
879,1d3ea6f63bbe9327,2024-12-29 20:03:59,20,2024-12,kpp,user_002,13 числа я звоню,0,,random,0.0,16,4,0,0,0,0,0.0,auto_rules: bad_words or risk_score >= 1.500
880,59b5c0dd9dcbe702,2023-12-17 00:18:08,0,2023-12,kpp,user_004,Бля,1,auto: bad word / hostile word,risk_candidate,4.0,3,1,1,0,0,0,0.3333,auto_rules: bad_words or risk_score >= 1.500
881,c0a8a2107a52ee7b,2025-12-03 08:07:19,8,2025-12,kpp,user_002,бля я проснулся и корма для сони нет,1,auto: bad word / hostile word,risk_candidate,3.0,36,8,1,0,0,0,0.0,auto_rules: bad_words or risk_score >= 1.500
882,986d7a571827fede,2024-10-31 09:21:18,9,2024-10,kpp,user_002,подслушиваем,0,,random,0.0,12,1,0,0,0,0,0.0,auto_rules: bad_words or risk_score >= 1.500
883,845fb447ebe0132d,2025-08-25 19:43:55,19,2025-08,kpp,user_004,Говорят норм,0,,random,0.2727,12,2,0,0,0,0,0.0909,auto_rules: bad_words or risk_score >= 1.500
884,0c54b08f32e1e322,2026-03-12 22:30:20,22,2026-03,kpp,user_004,глеб след неделя скип предлагаю,0,,random,0.0,31,5,0,0,0,0,0.0,auto_rules: bad_words or risk_score >= 1.500
885,83d2ba13e1f3bbfe,2024-03-22 23:38:57,23,2024-03,kpp,user_001,"Он может просто застримить, тем кто не придёт",0,,risk_candidate,0.0811,45,8,0,0,0,0,0.027,auto_rules: bad_words or risk_score >= 1.500
886,721d928d17fb9bee,2025-06-12 23:29:00,23,2025-06,kpp,user_001,Фу бля,1,auto: bad word / hostile word,risk_candidate,3.6,6,2,1,0,0,0,0.2,auto_rules: bad_words or risk_score >= 1.500
887,5485aefcb666d3da,2025-09-28 22:17:49,22,2025-09,kpp,user_004,Еще и другой цвет,0,,risk_candidate,0.2143,17,4,0,0,0,0,0.0714,auto_rules: bad_words or risk_score >= 1.500
888,2a41e9429791cbcb,2024-11-03 18:24:23,18,2024-11,kpp,user_002,кнопки надо покрасивше расположить,0,,random,0.0,34,4,0,0,0,0,0.0,auto_rules: bad_words or risk_score >= 1.500
889,f8cf412d8034e41f,2025-09-20 12:39:50,12,2025-09,kpp,user_001,с двумя из них гпт помогал,0,,random,0.0,26,6,0,0,0,0,0.0,auto_rules: bad_words or risk_score >= 1.500
890,69a4f4adf9ccae15,2025-03-08 10:18:20,10,2025-03,kpp,user_002,пиздец че бусько вытворяет,1,auto: bad word / hostile word,random,3.0,26,4,1,0,0,0,0.0,auto_rules: bad_words or risk_score >= 1.500
891,7991adffb5712a23,2025-06-06 23:22:12,23,2025-06,kpp,user_004,Уже все 65 к,0,,random,0.4286,12,4,0,0,0,0,0.1429,auto_rules: bad_words or risk_score >= 1.500
892,c8478bf7fe55aed1,2025-04-03 22:54:38,22,2025-04,kpp,user_004,М верим,0,,random,0.5,7,2,0,0,0,0,0.1667,auto_rules: bad_words or risk_score >= 1.500
893,d73059a535d001a8,2025-02-16 15:37:29,15,2025-02,kpp,user_004,Пидор,0,,risk_candidate,0.6,5,1,0,0,0,0,0.2,auto_rules: bad_words or risk_score >= 1.500
894,04911f7f7ec08646,2024-02-08 00:33:05,0,2024-02,kpp,user_004,снимаешь,0,,random,0.0,8,1,0,0,0,0,0.0,auto_rules: bad_words or risk_score >= 1.500
895,d1bdb92aa69a7118,2025-04-07 19:02:16,19,2025-04,kpp,user_001,с какими ценами?,0,,risk_candidate,0.2,16,3,0,0,0,1,0.0,auto_rules: bad_words or risk_score >= 1.500
896,9fd232a70d0e468c,2025-02-04 15:57:05,15,2025-02,kpp,user_002,<MENTION>,1,auto: risk_score >= 1.500,random,2.8,9,1,0,0,0,0,1.0,auto_rules: bad_words or risk_score >= 1.500
897,cdf784871aa82515,2024-01-23 02:12:02,2,2024-01,kpp,user_004,Вооооооот,0,,risk_candidate,0.3333,9,1,0,0,0,0,0.1111,auto_rules: bad_words or risk_score >= 1.500
898,d17ef7fd019fe62b,2025-07-02 18:04:12,18,2025-07,kpp,user_004,Да ну нахуй,0,,risk_candidate,0.3333,11,3,0,0,0,0,0.1111,auto_rules: bad_words or risk_score >= 1.500
899,e8a8f8e797bb516b,2023-12-13 21:52:39,21,2023-12,ls,user_002,жестко,0,,random,0.0,6,1,0,0,0,0,0.0,auto_rules: bad_words or risk_score >= 1.500
900,83bcc5bb8fa470f2,2024-01-23 21:04:27,21,2024-01,kpp,user_001,Мега пон,0,,risk_candidate,0.4286,8,2,0,0,0,0,0.1429,auto_rules: bad_words or risk_score >= 1.500
901,8ed366db46a8b04a,2024-09-16 18:09:09,18,2024-09,kpp,user_002,а сам отправь их в бонч,0,,random,0.0,23,6,0,0,0,0,0.0,auto_rules: bad_words or risk_score >= 1.500
902,14094453a2e866af,2025-12-03 23:33:30,23,2025-12,kpp,user_002,кота в подъезде нашел побрил,0,,random,0.0,28,5,0,0,0,0,0.0,auto_rules: bad_words or risk_score >= 1.500
903,16e028656847fd20,2026-03-23 15:38:18,15,2026-03,kpp,user_001,Пэдик,0,,risk_candidate,0.6,5,1,0,0,0,0,0.2,auto_rules: bad_words or risk_score >= 1.500
904,c00e055265b93468,2024-12-06 15:14:14,15,2024-12,kpp,user_004,Да,1,auto: risk_score >= 1.500,random,1.5,2,1,0,0,0,0,0.5,auto_rules: bad_words or risk_score >= 1.500
905,2440e481dcbb022d,2024-01-14 17:31:05,17,2024-01,kpp,user_001,Ебучий сулимов,0,,risk_candidate,0.2308,14,2,0,0,0,0,0.0769,auto_rules: bad_words or risk_score >= 1.500
906,554adef71f85acbc,2024-05-22 23:55:32,23,2024-05,kpp,user_003,я хуею,1,auto: bad word / hostile word,risk_candidate,3.0,6,2,1,0,0,0,0.0,auto_rules: bad_words or risk_score >= 1.500
907,20bbed23d54ba1a6,2025-05-05 22:47:53,22,2025-05,kpp,user_002,ОН НЕ ПОЕДЕТ,1,auto: risk_score >= 1.500,risk_candidate,2.8,12,3,0,0,0,0,1.0,auto_rules: bad_words or risk_score >= 1.500
908,3d145fd2453e083d,2026-02-09 13:24:34,13,2026-02,kpp,user_003,Облепиха,0,,random,0.375,8,1,0,0,0,0,0.125,auto_rules: bad_words or risk_score >= 1.500
909,f49790a2df6bfaa1,2026-01-20 10:14:29,10,2026-01,kpp,user_004,Срочно,0,,random,0.5,6,1,0,0,0,0,0.1667,auto_rules: bad_words or risk_score >= 1.500
910,7c57b395512eb94d,2024-06-04 19:54:36,19,2024-06,kpp,user_002,ты тоже,0,,random,0.0,7,2,0,0,0,0,0.0,auto_rules: bad_words or risk_score >= 1.500
911,a5dd2c5f4f911f23,2026-01-29 14:18:40,14,2026-01,kpp,user_002,7-8?,0,,random,0.2,4,2,0,0,0,1,0.0,auto_rules: bad_words or risk_score >= 1.500
912,21b1b0804536766d,2026-01-13 11:43:54,11,2026-01,kpp,user_004,20-23?,0,,random,0.2,6,2,0,0,0,1,0.0,auto_rules: bad_words or risk_score >= 1.500
913,08d55b14b80af490,2025-09-09 16:31:58,16,2025-09,kpp,user_001,Я весь день в номере ибо хуевит,1,auto: bad word / hostile word,random,3.12,31,7,1,0,0,0,0.04,auto_rules: bad_words or risk_score >= 1.500
914,554c271dc22acde5,2024-11-06 18:04:11,18,2024-11,kpp,user_002,случайно,0,,random,0.0,8,1,0,0,0,0,0.0,auto_rules: bad_words or risk_score >= 1.500
915,58eb7e1713ff6122,2025-06-03 16:13:01,16,2025-06,kpp,user_001,бля,1,auto: bad word / hostile word,risk_candidate,3.0,3,1,1,0,0,0,0.0,auto_rules: bad_words or risk_score >= 1.500
916,3aa4da6c94de3f00,2025-04-20 06:04:24,6,2025-04,kpp,user_002,найс на бухвагон сгоняли дружище,0,,random,0.0,32,5,0,0,0,0,0.0,auto_rules: bad_words or risk_score >= 1.500
917,0053ba4107141878,2025-11-24 00:20:43,0,2025-11,kpp,user_001,Типо мле это нлп и всё такое,0,,risk_candidate,0.1364,28,7,0,0,0,0,0.0455,auto_rules: bad_words or risk_score >= 1.500
918,e311e5bd44926eb5,2024-10-31 19:21:13,19,2024-10,kpp,user_001,Я походу заболел,0,,risk_candidate,0.2143,16,3,0,0,0,0,0.0714,auto_rules: bad_words or risk_score >= 1.500
919,bdc29af2dd1539cd,2025-05-12 21:25:53,21,2025-05,kpp,user_001,Прям очень хорошо,0,,random,0.2,17,3,0,0,0,0,0.0667,auto_rules: bad_words or risk_score >= 1.500
920,99b365ed2ee78c7c,2024-03-04 20:16:35,20,2024-03,kpp,user_003,"У меня ярлык на компе есть, но пишет файл перемещен или удален",0,,random,0.06,62,12,0,0,0,0,0.02,auto_rules: bad_words or risk_score >= 1.500
921,aa1166f5a03d6d3f,2025-12-09 15:33:10,15,2025-12,kpp,user_001,Хуй знает,1,auto: bad word / hostile word,risk_candidate,3.375,9,2,1,0,0,0,0.125,auto_rules: bad_words or risk_score >= 1.500
922,4545285a32acafe5,2024-12-02 21:44:11,21,2024-12,kpp,user_002,а в csv,0,,random,0.0,7,3,0,0,0,0,0.0,auto_rules: bad_words or risk_score >= 1.500
923,0502335b49c9e5e9,2025-04-11 15:18:10,15,2025-04,kpp,user_001,Ссылку,0,,risk_candidate,0.5,6,1,0,0,0,0,0.1667,auto_rules: bad_words or risk_score >= 1.500
924,41aa973af5bce0d9,2025-10-03 16:52:46,16,2025-10,kpp,user_002,а че за задача у вас была?,0,,risk_candidate,0.2,26,7,0,0,0,1,0.0,auto_rules: bad_words or risk_score >= 1.500
925,aa2e220308a1d65e,2025-07-15 17:02:46,17,2025-07,kpp,user_004,Я думаю,0,,risk_candidate,0.5,7,2,0,0,0,0,0.1667,auto_rules: bad_words or risk_score >= 1.500
926,07b67bfabbeebbbf,2024-07-27 12:51:57,12,2024-07,kpp,user_004,И ахуенчик,0,,risk_candidate,0.3333,10,2,0,0,0,0,0.1111,auto_rules: bad_words or risk_score >= 1.500
927,6a6a7315cbdf7876,2025-03-05 20:13:50,20,2025-03,kpp,user_002,<MENTION>,1,auto: risk_score >= 1.500,risk_candidate,2.8,9,1,0,0,0,0,1.0,auto_rules: bad_words or risk_score >= 1.500
928,854076ac91fd5c39,2026-02-01 18:56:20,18,2026-02,kpp,user_004,В прямом смысле,0,,random,0.2308,15,3,0,0,0,0,0.0769,auto_rules: bad_words or risk_score >= 1.500
929,863954172b321339,2025-05-05 20:45:47,20,2025-05,kpp,user_004,Типо овощ?,0,,random,0.575,10,2,0,0,0,1,0.125,auto_rules: bad_words or risk_score >= 1.500
930,c289b624bbd1adba,2024-10-22 23:10:57,23,2024-10,kpp,user_001,А че там?,0,,random,0.7,9,3,0,0,0,1,0.1667,auto_rules: bad_words or risk_score >= 1.500
931,272f0b9ac36bd9a5,2025-10-16 15:34:48,15,2025-10,kpp,user_001,Прости что трахнул,0,,risk_candidate,0.1875,18,3,0,0,0,0,0.0625,auto_rules: bad_words or risk_score >= 1.500
932,73a3536573d002ec,2023-12-08 20:35:17,20,2023-12,kpp,user_004,Задаешь,0,,risk_candidate,0.4286,7,1,0,0,0,0,0.1429,auto_rules: bad_words or risk_score >= 1.500
933,fc73bbf960df3aea,2024-10-16 13:44:26,13,2024-10,kpp,user_001,Мне кажется он на лютом стрессе,0,,random,0.1154,31,6,0,0,0,0,0.0385,auto_rules: bad_words or risk_score >= 1.500
934,32e8d8c4c147835d,2024-09-23 23:01:40,23,2024-09,kpp,user_004,ты за вечер написал?,0,,risk_candidate,0.2,20,4,0,0,0,1,0.0,auto_rules: bad_words or risk_score >= 1.500
935,451b5a1b3bcaa33a,2023-12-15 01:33:00,1,2023-12,kpp,user_004,Да,1,auto: risk_score >= 1.500,random,1.5,2,1,0,0,0,0,0.5,auto_rules: bad_words or risk_score >= 1.500
936,f8d6bd351f1900b6,2025-10-27 15:57:36,15,2025-10,kpp,user_001,Пей максиколд,0,,risk_candidate,0.25,13,2,0,0,0,0,0.0833,auto_rules: bad_words or risk_score >= 1.500
937,325bce0f0e696553,2024-09-09 00:53:22,0,2024-09,kpp,user_001,Мб кувшинки поменьше,0,,risk_candidate,0.1667,20,3,0,0,0,0,0.0556,auto_rules: bad_words or risk_score >= 1.500
938,d197aed8f7acb419,2024-06-19 22:00:42,22,2024-06,kpp,user_002,Достоинства красиво,0,,risk_candidate,0.1667,19,2,0,0,0,0,0.0556,auto_rules: bad_words or risk_score >= 1.500
939,69d4cf15baf6c443,2024-11-08 08:41:13,8,2024-11,kpp,user_001,Отложить места где он кусал,0,,risk_candidate,0.1304,27,5,0,0,0,0,0.0435,auto_rules: bad_words or risk_score >= 1.500
940,2858991e9c3ed15b,2024-06-25 15:13:36,15,2024-06,kpp,user_002,если бы ты молочный улун хуярил,1,auto: bad word / hostile word,random,3.0,31,6,1,0,0,0,0.0,auto_rules: bad_words or risk_score >= 1.500
941,45703f0519b770a0,2024-09-15 22:03:38,22,2024-09,kpp,user_004,<URL>,1,auto: risk_score >= 1.500,risk_candidate,2.0,5,1,0,0,0,0,1.0,auto_rules: bad_words or risk_score >= 1.500
942,f598cf803d277871,2023-11-27 21:39:15,21,2023-11,kpp,user_001,Сангрия называется,0,,risk_candidate,0.1765,18,2,0,0,0,0,0.0588,auto_rules: bad_words or risk_score >= 1.500
943,9a6531bd68dbbbf1,2024-10-07 10:18:02,10,2024-10,kpp,user_002,бля я еще и в коде запутался,1,auto: bad word / hostile word,random,3.0,28,7,1,0,0,0,0.0,auto_rules: bad_words or risk_score >= 1.500
944,923855796601a829,2023-09-17 20:16:13,20,2023-09,kpp,user_001,обьясните пж для тупого,1,auto: bad word / hostile word,risk_candidate,2.0,23,4,0,1,0,0,0.0,auto_rules: bad_words or risk_score >= 1.500
945,e3ea4b3e8d8e6b12,2025-11-11 10:10:43,10,2025-11,kpp,user_003,тегните когда подойдете,0,,random,0.0,23,3,0,0,0,0,0.0,auto_rules: bad_words or risk_score >= 1.500
946,90de2c7265a4b7d3,2025-05-22 19:48:41,19,2025-05,kpp,user_002,у тебя таз есть?,0,,risk_candidate,0.2,16,4,0,0,0,1,0.0,auto_rules: bad_words or risk_score >= 1.500
947,7c5547966fa04fd3,2025-04-13 12:35:06,12,2025-04,kpp,user_002,6 часов майнкрафта 6 часов сна,0,,random,0.0,30,6,0,0,0,0,0.0,auto_rules: bad_words or risk_score >= 1.500
948,58c4bbdd1492a1d8,2024-12-23 18:34:18,18,2024-12,kpp,user_002,у неё еще есть какие то штуки,0,,random,0.0,29,7,0,0,0,0,0.0,auto_rules: bad_words or risk_score >= 1.500
949,352b0db7e557d437,2024-05-11 10:30:31,10,2024-05,kpp,user_001,Педр,0,,risk_candidate,0.75,4,1,0,0,0,0,0.25,auto_rules: bad_words or risk_score >= 1.500
950,6d3425d4e0a1a5da,2025-01-14 20:01:41,20,2025-01,kpp,user_002,го,0,,random,0.0,2,1,0,0,0,0,0.0,auto_rules: bad_words or risk_score >= 1.500
951,6ada6fbbb1e00e30,2025-10-19 20:47:09,20,2025-10,kpp,user_002,нахуя он,0,,random,0.0,8,2,0,0,0,0,0.0,auto_rules: bad_words or risk_score >= 1.500
952,d1345bce9b561863,2024-04-03 21:28:34,21,2024-04,kpp,user_001,Ну хули уже сделаешь,0,,risk_candidate,0.1765,20,4,0,0,0,0,0.0588,auto_rules: bad_words or risk_score >= 1.500
953,f3ef9e3cc53b44d7,2025-01-17 20:09:07,20,2025-01,kpp,user_004,Поймешь,0,,risk_candidate,0.4286,7,1,0,0,0,0,0.1429,auto_rules: bad_words or risk_score >= 1.500
954,19ddd7affadc245d,2026-01-28 11:54:14,11,2026-01,kpp,user_003,Пизда думаю будет,1,auto: bad word / hostile word,random,3.2,17,3,1,0,0,0,0.0667,auto_rules: bad_words or risk_score >= 1.500
955,85cb80e6683e4ae9,2025-04-25 19:59:14,19,2025-04,kpp,user_004,вы ебнулись,0,,random,0.0,11,2,0,0,0,0,0.0,auto_rules: bad_words or risk_score >= 1.500
956,728d64dd19a84490,2025-03-05 20:13:50,20,2025-03,kpp,user_002,<MENTION>,1,auto: risk_score >= 1.500,risk_candidate,2.8,9,1,0,0,0,0,1.0,auto_rules: bad_words or risk_score >= 1.500
957,344e7262d9e8fd0b,2026-03-24 12:49:13,12,2026-03,kpp,user_001,Как вам блядина?,1,auto: bad word / hostile word,risk_candidate,3.4308,16,3,1,0,0,1,0.0769,auto_rules: bad_words or risk_score >= 1.500
958,0b4ed7bcd78d781f,2026-01-04 02:14:11,2,2026-01,kpp,user_002,я безумен пишет,0,,random,0.0,15,3,0,0,0,0,0.0,auto_rules: bad_words or risk_score >= 1.500
959,68414ab4bffb70a7,2024-04-16 11:58:08,11,2024-04,kpp,user_003,Мы ему,0,,risk_candidate,0.6,6,2,0,0,0,0,0.2,auto_rules: bad_words or risk_score >= 1.500
960,d8c716b1e1f11dc8,2024-01-22 21:52:40,21,2024-01,kpp,user_001,"Ладно, забыли",0,,risk_candidate,0.2727,13,2,0,0,0,0,0.0909,auto_rules: bad_words or risk_score >= 1.500
961,fc2b3800d0824270,2024-11-11 14:20:16,14,2024-11,kpp,user_004,Ебать Как там все через жопу,1,auto: bad word / hostile word,random,3.2609,28,6,1,0,0,0,0.087,auto_rules: bad_words or risk_score >= 1.500
962,88991e5172e8df12,2025-01-17 20:14:04,20,2025-01,kpp,user_001,А бля,1,auto: bad word / hostile word,random,3.75,5,2,1,0,0,0,0.25,auto_rules: bad_words or risk_score >= 1.500
963,b52b0a63c1ed0756,2024-01-23 01:22:36,1,2024-01,kpp,user_004,Красивая,0,,risk_candidate,0.375,8,1,0,0,0,0,0.125,auto_rules: bad_words or risk_score >= 1.500
964,c42860e72721b87b,2025-11-29 11:12:50,11,2025-11,kpp,user_002,<MENTION>,1,auto: risk_score >= 1.500,random,2.8,9,1,0,0,0,0,1.0,auto_rules: bad_words or risk_score >= 1.500
965,5de0e9d7346d7699,2024-10-17 16:44:44,16,2024-10,kpp,user_002,а,0,,random,0.0,1,1,0,0,0,0,0.0,auto_rules: bad_words or risk_score >= 1.500
966,485a47751913d71d,2025-01-17 02:13:41,2,2025-01,kpp,user_003,Нет,0,,random,1.0,3,1,0,0,0,0,0.3333,auto_rules: bad_words or risk_score >= 1.500
967,67cf56eaab8938d3,2026-02-18 23:10:44,23,2026-02,kpp,user_002,игнат,0,,random,0.0,5,1,0,0,0,0,0.0,auto_rules: bad_words or risk_score >= 1.500
968,bda14af7af552ffb,2025-04-01 11:15:06,11,2025-04,kpp,user_004,А ты можешь у ярика спросить,0,,risk_candidate,0.1304,28,6,0,0,0,0,0.0435,auto_rules: bad_words or risk_score >= 1.500
969,0710ba521a45a387,2025-10-02 16:48:09,16,2025-10,kpp,user_004,Прошлую,0,,random,0.4286,7,1,0,0,0,0,0.1429,auto_rules: bad_words or risk_score >= 1.500
970,ff51141bbd8ec4b7,2023-12-25 10:28:04,10,2023-12,kpp,user_002,они вообще ахуительные были,0,,random,0.0,27,4,0,0,0,0,0.0,auto_rules: bad_words or risk_score >= 1.500
971,650d9f9fc2df9e48,2026-03-06 23:57:26,23,2026-03,kpp,user_004,Я такого не говорил,0,,risk_candidate,0.1875,19,4,0,0,0,0,0.0625,auto_rules: bad_words or risk_score >= 1.500
972,363ee9a4439abe8e,2025-10-16 15:34:45,15,2025-10,kpp,user_001,Типо,0,,risk_candidate,0.75,4,1,0,0,0,0,0.25,auto_rules: bad_words or risk_score >= 1.500
973,3e292f1ce5bbbdd8,2025-01-15 20:26:19,20,2025-01,kpp,user_001,Хахахаха,0,,risk_candidate,0.375,8,1,0,0,0,0,0.125,auto_rules: bad_words or risk_score >= 1.500
974,4521159bc01936a4,2025-09-24 16:56:55,16,2025-09,kpp,user_002,ТЫ МАШИНА ЕБАНАЯ,1,auto: bad word / hostile word,risk_candidate,6.6,16,3,1,0,0,0,1.0,auto_rules: bad_words or risk_score >= 1.500
975,a2c3042461c8bad3,2026-04-06 16:48:05,16,2026-04,ls,user_002,я вот год живу без этого,0,,random,0.0,24,6,0,0,0,0,0.0,auto_rules: bad_words or risk_score >= 1.500
976,46be3ef72bde0b7e,2025-01-08 20:02:56,20,2025-01,kpp,user_002,мне же еще др праздновать,0,,random,0.0,25,5,0,0,0,0,0.0,auto_rules: bad_words or risk_score >= 1.500
977,2c22ecc2dd9cfed2,2025-03-02 20:25:58,20,2025-03,kpp,user_002,дальше телку,0,,random,0.0,12,2,0,0,0,0,0.0,auto_rules: bad_words or risk_score >= 1.500
978,fa1ff85a7d827956,2025-05-06 22:48:29,22,2025-05,kpp,user_002,а так бля,1,auto: bad word / hostile word,risk_candidate,3.0,9,3,1,0,0,0,0.0,auto_rules: bad_words or risk_score >= 1.500
979,351000b84ab5fd20,2025-12-31 00:24:00,0,2025-12,kpp,user_001,Тоже яйца побрить,0,,risk_candidate,0.2,17,3,0,0,0,0,0.0667,auto_rules: bad_words or risk_score >= 1.500
980,c0e67db8d528e93f,2025-08-16 17:38:36,17,2025-08,kpp,user_001,Оч грустно,0,,risk_candidate,0.3333,10,2,0,0,0,0,0.1111,auto_rules: bad_words or risk_score >= 1.500
981,fa7efd42ec364122,2025-06-22 20:19:05,20,2025-06,kpp,user_002,похуй на неё,0,,random,0.0,12,3,0,0,0,0,0.0,auto_rules: bad_words or risk_score >= 1.500
982,9383edf3ce4c6518,2026-01-23 09:48:14,9,2026-01,kpp,user_002,алтушка,0,,random,0.0,7,1,0,0,0,0,0.0,auto_rules: bad_words or risk_score >= 1.500
983,c85fcbc4e9f153db,2025-09-08 23:30:21,23,2025-09,kpp,user_002,кв234,0,,random,0.0,5,1,0,0,0,0,0.0,auto_rules: bad_words or risk_score >= 1.500
984,fdeb2023dbdf7495,2025-10-05 23:03:26,23,2025-10,kpp,user_001,Это обман,0,,risk_candidate,0.375,9,2,0,0,0,0,0.125,auto_rules: bad_words or risk_score >= 1.500
985,120094ae0d237497,2025-09-16 15:44:45,15,2025-09,kpp,user_001,И пленку снимаешь по максимуму,0,,random,0.1154,30,5,0,0,0,0,0.0385,auto_rules: bad_words or risk_score >= 1.500
986,489431e4491a7433,2024-08-29 22:55:04,22,2024-08,kpp,user_001,Полосочки,0,,risk_candidate,0.3333,9,1,0,0,0,0,0.1111,auto_rules: bad_words or risk_score >= 1.500
987,9cca335002b430ad,2026-04-12 20:44:13,20,2026-04,kpp,user_004,Я не приду,0,,risk_candidate,0.375,10,3,0,0,0,0,0.125,auto_rules: bad_words or risk_score >= 1.500
988,164a065e0725d239,2025-01-06 18:50:46,18,2025-01,kpp,user_001,"А че делать с билетами, которые не совпадают",0,,random,0.0833,44,8,0,0,0,0,0.0278,auto_rules: bad_words or risk_score >= 1.500
989,f36f1ce6922f50ae,2026-01-26 13:07:39,13,2026-01,kpp,user_001,Чувак,0,,risk_candidate,0.6,5,1,0,0,0,0,0.2,auto_rules: bad_words or risk_score >= 1.500
990,aa354e660a2f1aa7,2025-09-17 22:23:15,22,2025-09,kpp,user_001,Ещё хату купим,0,,risk_candidate,0.25,14,3,0,0,0,0,0.0833,auto_rules: bad_words or risk_score >= 1.500
991,d7a7022f4db8b65e,2025-08-15 10:56:08,10,2025-08,kpp,user_001,Договор,0,,random,0.4286,7,1,0,0,0,0,0.1429,auto_rules: bad_words or risk_score >= 1.500
992,63aec7bd1d0b84d0,2024-05-24 00:14:57,0,2024-05,kpp,user_004,да,0,,random,0.0,2,1,0,0,0,0,0.0,auto_rules: bad_words or risk_score >= 1.500
993,ee9568c8c6b58100,2025-05-12 22:12:17,22,2025-05,kpp,user_001,А вот я учился в пиздатой школе,1,auto: bad word / hostile word,risk_candidate,3.12,31,7,1,0,0,0,0.04,auto_rules: bad_words or risk_score >= 1.500
994,d41eb12df15142d1,2025-01-13 12:37:10,12,2025-01,kpp,user_001,Нам пизда 14 числа,1,auto: bad word / hostile word,risk_candidate,3.2308,18,4,1,0,0,0,0.0769,auto_rules: bad_words or risk_score >= 1.500
995,3aa5c72961585059,2024-01-05 02:53:18,2,2024-01,kpp,user_002,где она орёт я его люблю,0,,random,0.0,24,6,0,0,0,0,0.0,auto_rules: bad_words or risk_score >= 1.500
996,d2aa71307b474013,2025-03-28 21:08:37,21,2025-03,kpp,user_004,А это у кого музон долбит,0,,risk_candidate,0.15,25,6,0,0,0,0,0.05,auto_rules: bad_words or risk_score >= 1.500
997,f13e0f86a3f5d4cb,2025-02-13 23:19:38,23,2025-02,kpp,user_001,Это вставать в 9,0,,risk_candidate,0.25,16,4,0,0,0,0,0.0833,auto_rules: bad_words or risk_score >= 1.500
998,876c9268377172d8,2023-10-24 00:09:31,0,2023-10,kpp,user_001,В отличии от Калининой,0,,risk_candidate,0.3158,22,4,0,0,0,0,0.1053,auto_rules: bad_words or risk_score >= 1.500
999,dfd91d0e8cf977eb,2024-10-22 22:40:56,22,2024-10,kpp,user_001,Ну вообще неплохо,0,,risk_candidate,0.2,17,3,0,0,0,0,0.0667,auto_rules: bad_words or risk_score >= 1.500
1000,f0e8bc3aa6774b32,2025-09-16 10:09:56,10,2025-09,kpp,user_004,У паши ногти черные бля,1,auto: bad word / hostile word,risk_candidate,3.1579,23,5,1,0,0,0,0.0526,auto_rules: bad_words or risk_score >= 1.500
